"","from","to"
"1",1,0
"2",2,0
"3",3,0
"4",3,2
"5",4,0
"6",5,0
"7",6,0
"8",7,0
"9",8,0
"10",9,0
"11",11,10
"12",11,3
"13",11,2
"14",11,0
"15",12,11
"16",13,11
"17",14,11
"18",15,11
"19",17,16
"20",18,16
"21",18,17
"22",19,16
"23",19,17
"24",19,18
"25",20,16
"26",20,17
"27",20,18
"28",20,19
"29",21,16
"30",21,17
"31",21,18
"32",21,19
"33",21,20
"34",22,16
"35",22,17
"36",22,18
"37",22,19
"38",22,20
"39",22,21
"40",23,16
"41",23,17
"42",23,18
"43",23,19
"44",23,20
"45",23,21
"46",23,22
"47",23,12
"48",23,11
"49",24,23
"50",24,11
"51",25,24
"52",25,23
"53",25,11
"54",26,24
"55",26,11
"56",26,16
"57",26,25
"58",27,11
"59",27,23
"60",27,25
"61",27,24
"62",27,26
"63",28,11
"64",28,27
"65",29,23
"66",29,27
"67",29,11
"68",30,23
"69",31,30
"70",31,11
"71",31,23
"72",31,27
"73",32,11
"74",33,11
"75",33,27
"76",34,11
"77",34,29
"78",35,11
"79",35,34
"80",35,29
"81",36,34
"82",36,35
"83",36,11
"84",36,29
"85",37,34
"86",37,35
"87",37,36
"88",37,11
"89",37,29
"90",38,34
"91",38,35
"92",38,36
"93",38,37
"94",38,11
"95",38,29
"96",39,25
"97",40,25
"98",41,24
"99",41,25
"100",42,41
"101",42,25
"102",42,24
"103",43,11
"104",43,26
"105",43,27
"106",44,28
"107",44,11
"108",45,28
"109",47,46
"110",48,47
"111",48,25
"112",48,27
"113",48,11
"114",49,26
"115",49,11
"116",50,49
"117",50,24
"118",51,49
"119",51,26
"120",51,11
"121",52,51
"122",52,39
"123",53,51
"124",54,51
"125",54,49
"126",54,26
"127",55,51
"128",55,49
"129",55,39
"130",55,54
"131",55,26
"132",55,11
"133",55,16
"134",55,25
"135",55,41
"136",55,48
"137",56,49
"138",56,55
"139",57,55
"140",57,41
"141",57,48
"142",58,55
"143",58,48
"144",58,27
"145",58,57
"146",58,11
"147",59,58
"148",59,55
"149",59,48
"150",59,57
"151",60,48
"152",60,58
"153",60,59
"154",61,48
"155",61,58
"156",61,60
"157",61,59
"158",61,57
"159",61,55
"160",62,55
"161",62,58
"162",62,59
"163",62,48
"164",62,57
"165",62,41
"166",62,61
"167",62,60
"168",63,59
"169",63,48
"170",63,62
"171",63,57
"172",63,58
"173",63,61
"174",63,60
"175",63,55
"176",64,55
"177",64,62
"178",64,48
"179",64,63
"180",64,58
"181",64,61
"182",64,60
"183",64,59
"184",64,57
"185",64,11
"186",65,63
"187",65,64
"188",65,48
"189",65,62
"190",65,58
"191",65,61
"192",65,60
"193",65,59
"194",65,57
"195",65,55
"196",66,64
"197",66,58
"198",66,59
"199",66,62
"200",66,65
"201",66,48
"202",66,63
"203",66,61
"204",66,60
"205",67,57
"206",68,25
"207",68,11
"208",68,24
"209",68,27
"210",68,48
"211",68,41
"212",69,25
"213",69,68
"214",69,11
"215",69,24
"216",69,27
"217",69,48
"218",69,41
"219",70,25
"220",70,69
"221",70,68
"222",70,11
"223",70,24
"224",70,27
"225",70,41
"226",70,58
"227",71,27
"228",71,69
"229",71,68
"230",71,70
"231",71,11
"232",71,48
"233",71,41
"234",71,25
"235",72,26
"236",72,27
"237",72,11
"238",73,48
"239",74,48
"240",74,73
"241",75,69
"242",75,68
"243",75,25
"244",75,48
"245",75,41
"246",75,70
"247",75,71
"248",76,64
"249",76,65
"250",76,66
"251",76,63
"252",76,62
"253",76,48
"254",76,58
