avg,symbol
3.12718545591864e-16,Kap
2.81494735390928e-16,Malat1
1.28463755430244e-16,Gm10116
1.25618763898881e-16,Rpl38
1.17976567443549e-16,Gm10250
9.55964631681864e-17,Ldhd
9.39432334627323e-17,Rps27a
9.21828175560806e-17,Pecr
7.96305794810326e-17,Cd63
7.85476329740025e-17,Gm6576
7.58527584127674e-17,Aldob
7.54295775049085e-17,Scp2
7.37822093756965e-17,S100g
7.22937695242044e-17,Ndufa4
7.20318983285497e-17,Atp1b1
6.69351089464565e-17,Ndufs7
6.61700622936751e-17,Rpl35
6.54555020519607e-17,Chpt1
6.48023828199411e-17,RP23-306P12.2
6.39620395386472e-17,Pck1
6.37382279959325e-17,Ogt
6.2661180951602e-17,Cyp2e1
6.0703666161093e-17,Rpl13a-ps1
5.98502547580665e-17,Idh3g
5.9725976352093e-17,Gpr107
5.78929104566171e-17,Hdc
5.62474041761837e-17,Gapdh
5.59776742467309e-17,Cox6c
5.48134558755731e-17,Tmem213
5.46827908953008e-17,Mtm1
5.3547026606967e-17,Mdc1
5.32836007134587e-17,Cyp24a1
5.32224519707234e-17,Dlec1
5.30312119569325e-17,Cystm1
5.22572457495372e-17,Rps27rt
5.16981498808383e-17,Tsc22d1
5.12401567306999e-17,Rplp1
5.11410457573445e-17,Slc7a7
5.09722670006213e-17,Hagh
5.08600797870067e-17,Hao2
5.08381705897512e-17,Chrna4
5.01905936052587e-17,Xist
5.01136083232028e-17,Rpl6l
4.99472542997727e-17,Dnajb4
4.9725650996307e-17,Ifi27
4.95731092928858e-17,Ppia
4.94961213046544e-17,Gm4950
4.83377076800521e-17,Rpl35a
4.82400039179829e-17,Gm5900
4.78484744393607e-17,D630023F18Rik
4.77909898583205e-17,Sash1
4.7769670607335e-17,Phykpl
4.77674190692771e-17,Tpt1
4.74885639158686e-17,Usf1
4.73967271423924e-17,Fzr1
4.70775662103373e-17,Cyth2
4.65405256723736e-17,Spsb2
4.62739565559636e-17,Psmc2
4.60072358937227e-17,Atp6v1b2
4.59960864504554e-17,Ndufv2
4.58277839806291e-17,Ttc36
4.54989728265614e-17,Wdfy1
4.44586323473957e-17,Rcan1
4.44216754609925e-17,Gm4952
4.43463801855678e-17,App
4.41661867803733e-17,Rpp40
4.40260116226733e-17,Chchd2
4.33605312572836e-17,Ndufa11
4.30779415816156e-17,Hoxc6
4.26213989415722e-17,Sec61a2
4.25207616852064e-17,Dock8
4.2287559713332e-17,Zfp213
4.20455572585679e-17,Wdr18
4.20195022003693e-17,Etaa1os
4.18798851913765e-17,Tor1aip1
4.17298764682705e-17,Rps28
4.11519239683369e-17,A630072M18Rik
4.09211196680001e-17,Akr1e1
4.09007692278616e-17,Ddx17
4.05631034673932e-17,D630029K05Rik
4.03309569039834e-17,Cox6b2
3.97565846743029e-17,Rundc1
3.97282158360088e-17,Fitm1
3.94682064891328e-17,Umod
3.89446697671653e-17,Sqle
3.87977244347822e-17,Rps5
3.87463720475391e-17,Abcg2
3.85880607778446e-17,Metrn
3.8364368306854e-17,Fam25c
3.78982891041712e-17,Npc2
3.76138484044268e-17,Cyb5a
3.75963556856695e-17,Acsm2
3.71150461269894e-17,Neat1
3.71111357033192e-17,Specc1l
3.68086312817763e-17,Zfp503
3.67573546674486e-17,Phtf1
3.65862918985609e-17,Id3
3.65583641668815e-17,Trmt13
3.64787268327862e-17,Acaa1a
3.6470002122812e-17,S100a11
3.63475314421061e-17,Ldhb
3.62822801372365e-17,0610011F06Rik
3.62606307328338e-17,Mif
3.6259028676908e-17,Txn1
3.61078725353686e-17,Cc2d1a
3.60903852289623e-17,Cela1
3.57371048355685e-17,Glul
3.52184067554851e-17,Cd81
3.51704046135732e-17,Prima1
3.50408924640854e-17,Alkbh5
3.50370063959951e-17,Phyh
3.49931447026753e-17,Prpf4b
3.48715345857944e-17,M6pr
3.48243875953565e-17,Actr2
3.48120041360382e-17,Clip4
3.45208196468224e-17,Kcnk5
3.36967783670437e-17,Calr
3.36333780862505e-17,Met
3.3591735456882e-17,Fbxl18
3.35146202783997e-17,Dynll1
3.34280659595978e-17,Cml1
3.32718222080238e-17,Uba52
3.30846631069627e-17,Rps27
3.29908345882816e-17,Lgmn
3.28064899097929e-17,Rps12-ps3
3.2745687557528e-17,6720427I07Rik
3.27418014894377e-17,Defb29
3.24463628922567e-17,Map7d1
3.24371297595509e-17,Gsn
3.22994067351714e-17,Grhpr
3.20141704198152e-17,Mok
3.19881207739677e-17,Got1
3.19540987349489e-17,Ap3m1
3.19480477264184e-17,mt-Atp8
3.18924141694546e-17,Eml2
3.18494888128752e-17,Aven
3.17837070975977e-17,Bcl2
3.15220280404072e-17,Abcb7
3.14755711247346e-17,Wfdc15b
3.12748811459219e-17,Prpf39
3.11004518946496e-17,Samd4b
3.1069828812122e-17,Tns2
3.10467830211354e-17,Fyco1
3.08488425166818e-17,Tkt
3.07009337858028e-17,Fam13a
3.06987688453625e-17,Slc17a1
3.06728978071013e-17,Susd3
3.06198026428038e-17,Cox6b1
3.05912795525033e-17,Slco1a6
3.05502539311602e-17,Stab2
3.0444215148396e-17,Cyp4b1
3.02673503391284e-17,Diaph1
3.02569369756107e-17,RP24-64C6.3
3.01058511946356e-17,H2-Ab1
2.98879228775673e-17,Bmpr2
2.98724543781216e-17,Tmem175
2.98042371048488e-17,Atp11a
2.97624050431917e-17,Psen1
2.96598680515896e-17,Nsun6
2.96300459970249e-17,Urm1
2.94741811100279e-17,Psma2
2.925836902224e-17,Dusp3
2.92492113241776e-17,Slc12a3
2.92020886893197e-17,Usp39
2.9133473608241e-17,Sat1
2.90639248965974e-17,Gm15860
2.89720881231213e-17,Klhl42
2.89450913158312e-17,Etv5
2.8404364966768e-17,Gm3336
2.84002082811227e-17,2310057M21Rik
2.81896678233068e-17,Rpgrip1
2.8186398763242e-17,Psmb3
2.79759232536392e-17,Dot1l
2.79533645742517e-17,Mpv17l
2.73953295263686e-17,Gm26917
2.71259459873862e-17,Hnf1a
2.7040127748334e-17,Phf14
2.69476631421302e-17,Smim24
2.69132189397256e-17,Dhrs4
2.6781791494492e-17,Arhgap44
2.63539390510893e-17,Mrpl39
2.63374638543389e-17,Zfp346
2.62695550850788e-17,Ddt
2.61426516888215e-17,Arl14ep
2.60719447340424e-17,Tor2a
2.60208521396521e-17,Zfp384
2.581180549074e-17,Tmem106a
2.55490683189092e-17,Rab24
2.55470765737042e-17,Acot2
2.53688153778526e-17,Ppp1r16b
2.53555659423582e-17,Lrp2
2.53508409598473e-17,Npl
2.52640972087569e-17,Psmd6
2.52265787909271e-17,Gadd45gip1
2.52248035397661e-17,Pcgf6
2.5053773244985e-17,Rpl23
2.49639715155228e-17,Gcnt1
2.49180747781891e-17,Golga4
2.4826129757691e-17,Rangap1
2.48121009436381e-17,Gstz1
2.47810989965334e-17,D130020L05Rik
2.47142645789669e-17,Zfyve19
2.4695908590209e-17,Gpatch4
2.46807161206694e-17,Apool
2.46399015810193e-17,Atp6v1f
2.46392088000784e-17,Ptprf
2.4592684230017e-17,Cyp2d22
2.4495797732964e-17,Nphp1
2.44808867056817e-17,D5Ertd579e
2.44602115244771e-17,Ugt3a1
2.44060230652573e-17,Psmb6
2.4361814981467e-17,Lpin1
2.4359877359773e-17,Gart
2.43163620569236e-17,BC021785
2.41729016021055e-17,Gdpd3
2.38133029653455e-17,Carm1
2.37483033348021e-17,Agpat9
2.37100758989781e-17,Cyp2a4
2.35934667945142e-17,Pqbp1
2.35923734995919e-17,Klf3
2.35347860838808e-17,Uap1l1
2.35086227786602e-17,Man2c1
2.35008668795329e-17,Ankrd44
2.34593595589419e-17,Gm10269
2.34327307915266e-17,Cyp4a14
2.33227897036188e-17,Sec24c
2.32326686454416e-17,Atf5
2.32208480706377e-17,Serinc1
2.31787183296701e-17,Galnt11
2.31619400412581e-17,Dennd1a
2.31366129442825e-17,Dixdc1
2.30154601710696e-17,Csad
2.30135550234822e-17,Repin1
2.29256800910118e-17,Nox4
2.28455448206153e-17,Sec23ip
2.27946795449712e-17,Trmt1l
2.27755198220749e-17,Birc6
2.26540233645671e-17,Mat2a
2.25989905785756e-17,Kptn
2.25844854776258e-17,Ikzf2
2.25023564323926e-17,C4b
2.2451428238167e-17,Zfp113
2.24002057473503e-17,Rpl26
2.23908532046483e-17,Eif3b
2.23888073359323e-17,Uspl1
2.2380244996491e-17,Kansl3
2.23726406431946e-17,Ppfibp1
2.23490265553424e-17,Pdcd4
2.23245194295586e-17,Slc5a2
2.22005116411401e-17,Slc8b1
2.21046589031473e-17,Supt7l
2.20571113987279e-17,Gm6133
2.19622843012687e-17,Itpkc
2.19435981590936e-17,Atp5b
2.19015766651481e-17,Pclo
2.1859582232958e-17,Ing1
2.18509711823568e-17,Zfp579
2.18354918582089e-17,Pan2
2.18007337394405e-17,Ovol1
2.17818013352903e-17,Tmem2
2.1579195384188e-17,Rps23
2.15134326121393e-17,Ttc27
2.15070379193139e-17,Nudt19
2.13877497010552e-17,Mib2
2.13541498254223e-17,Mgst3
2.13103747297201e-17,Siva1
2.12775325832412e-17,Nhs
2.12413780778888e-17,Pmpcb
2.12134719956137e-17,Atxn2l
2.10787558705426e-17,Lysmd3
2.10746566911277e-17,Psme2b
2.10277634046477e-17,Fn3krp
2.08814567296945e-17,Xlr3a
2.08471532484184e-17,Lap3
2.07945181339645e-17,Dnajb11
2.07311124408201e-17,mt-Cytb
2.0646907251532e-17,Il34
2.06329107424497e-17,Flii
2.05894495631113e-17,Chd2
2.05839073155842e-17,Prdx5
2.0407870596035e-17,Prkab2
2.03173598485786e-17,Habp2
2.02843066204068e-17,Rnaset2a
2.02511397328619e-17,Zfp651
2.02046097504495e-17,Abhd13
2.01934535417433e-17,Rarb
2.01875987309401e-17,2310035C23Rik
2.01388605092786e-17,Dhrs1
2.01194842923382e-17,Mdm4
2.00960163379657e-17,Golgb1
2.00565927725485e-17,Mphosph8
2.00388619103427e-17,Slc13a3
2.00143547845589e-17,Ndufa12
1.99817074827197e-17,Il10rb
1.99744874063514e-17,Magi2
1.99025491416969e-17,Irf7
1.99016872247841e-17,Zfp763
1.98918191556398e-17,Slc22a29
1.98798395930224e-17,Gm14399
1.98518760045169e-17,Mdfic
1.97382355746317e-17,Gm17115
1.97377619939104e-17,Impact
1.9721395044182e-17,Wsb1
1.9654563332791e-17,Fuca2
1.96430891484576e-17,Wdr83
1.96091645317586e-17,Ccdc141
1.95718626079728e-17,Psmd13
1.95588665381643e-17,Arrb1
1.95541100963626e-17,AK157302
1.94852054545e-17,Acaca
1.94764320333659e-17,Mdh2
1.94679292297867e-17,Myrf
1.94138544299399e-17,Gmcl1
1.93777919345562e-17,Mia
1.93687100094093e-17,Cdkn1a
1.92611287065813e-17,Gm11128
1.9230462325245e-17,Gm44386
1.9201755215007e-17,Tanc2
1.90716206451426e-17,Tchh
1.90647090727871e-17,Il17rb
1.90472921269451e-17,8430408G22Rik
1.90329439841772e-17,Cyp2d26
1.90243708200338e-17,Gyltl1b
1.8970212128745e-17,Kctd1
1.89474288367867e-17,Zdhhc5
1.89289402454268e-17,Gm42726
1.89110903114968e-17,Zfp942
1.89043465220254e-17,Zfp874b
1.88677590285849e-17,Rps14
1.88443343730212e-17,Frrs1
1.87620016880779e-17,Clock
1.87483192644954e-17,Adh1
1.87105410538127e-17,Igfbp7
1.87092853883574e-17,Mthfd1
1.86976380087888e-17,Srsf2
1.86732174806225e-17,mt-Co2
1.86447701632374e-17,Zdhhc8
1.85997502267821e-17,Parp16
1.85814348306574e-17,Zcchc11
1.85205134066683e-17,Aldoc
1.85022629587569e-17,Ddx27
1.84278864299315e-17,Sephs2
1.84149617355031e-17,Mbd4
1.83655144958475e-17,Qtrtd1
1.83360063576466e-17,Proser1
1.83350754332573e-17,Slc22a12
1.82509566724508e-17,Hebp1
1.82229978197525e-17,Extl1
1.82073179003419e-17,Ang
1.82033848124514e-17,Zfp518a
1.81820682676415e-17,Myef2
1.81728293843126e-17,Pde6a
1.81430668656101e-17,Slc34a1
1.81357818410286e-17,Wdr74
1.81345789459964e-17,Ttc13
1.81275442426534e-17,Glyat
1.80508431090303e-17,Omd
1.80067107981554e-17,Fzd5
1.79962081308446e-17,Ces1f
1.79838679703351e-17,Slc46a3
1.79646622424543e-17,3110083C13Rik
1.79292302859738e-17,C920006O11Rik
1.78932976870165e-17,Slc6a18
1.78766059962221e-17,Mt1
1.78177412656512e-17,D630045J12Rik
1.77502059486171e-17,Mthfd2
1.76998602586787e-17,Fam134b
1.76591160795929e-17,Ggt1
1.76568861909394e-17,Atp6v1e1
1.76226605122104e-17,Clec3b
1.762261518377e-17,Dbp
1.75859843915207e-17,Slc16a10
1.75289165615152e-17,Wdfy3
1.75065960255761e-17,Slc36a1
1.74343411383822e-17,Tmem86a
1.73330976986931e-17,Ndufa9
1.73294281246469e-17,Gsta1
1.73292386923584e-17,Slc25a32
1.7309110158615e-17,Syne2
1.72919205315193e-17,Lgr4
1.72715159678697e-17,Sart3
1.72418671085403e-17,Ppp2r2a
1.72100790174383e-17,Lnp
1.71998672639991e-17,Sc5d
1.71980487140293e-17,Eci3
1.71626844119375e-17,Zc3h12a
1.71228819819432e-17,Atad2
1.71021229092966e-17,Cenpj
1.70662904388347e-17,Trim25
1.70455286600125e-17,Nmrk1
1.70357431292225e-17,Nol6
1.70129463063865e-17,Impa1
1.70004058888863e-17,Cdt1
1.69736553435712e-17,Tpm3-rs7
1.69368486499111e-17,Hrsp12
1.68803437044202e-17,Dad1
1.68614762484833e-17,Adck5
1.68491793867825e-17,Zfp317
1.68381909609604e-17,Sptlc3
1.68018213146517e-17,Coasy
1.67860497235444e-17,Ttc38
1.67701482360106e-17,Fbxo40
1.67519478523468e-17,Plpp1
1.67093945949056e-17,Bst2
1.6702104157973e-17,Pcnxl3
1.6660862042586e-17,Aif1l
1.66165944229336e-17,Bhmt2
1.65918870401591e-17,Aco1
1.65843909338846e-17,Eme2
1.65272202692083e-17,Pfn1
1.65237509521528e-17,Actn1
1.65029945856817e-17,Arglu1
1.64861567614075e-17,Ciao1
1.64594305716724e-17,Abhd11os
1.64448659348606e-17,Ctage5
1.64229459129029e-17,Hyal1
1.64141454300132e-17,Mpdz
1.63856981126281e-17,Ccnd1
1.63554322452731e-17,Lockd
1.63138329147134e-17,Adam10
1.63133891019232e-17,Tgm2
1.63024345032954e-17,Plaa
1.62789557242207e-17,Nos1ap
1.62336759949126e-17,Rpl39
1.62280958609278e-17,Cmtr2
1.61965256169576e-17,Dpp7
1.61408893538183e-17,Pdcd2l
1.61233073312678e-17,Comt
1.61179612814681e-17,Serpine2
1.61126666490039e-17,Irf2bp1
1.60869688059779e-17,Irf9
1.60631950537682e-17,Mcm4
1.60306045816155e-17,Bod1l
1.60251354008283e-17,Cwc27
1.60067469379638e-17,Xrcc4
1.60040624118179e-17,Pank1
1.59990938735075e-17,Morn4
1.59904232870442e-17,Ugt2b38
1.59822364294606e-17,5430427N15Rik
1.59724109825812e-17,Vsig10
1.59650285356799e-17,Tmem106b
1.59565636185584e-17,Acnat1
1.59563904233232e-17,Acsm1
1.59433791312772e-17,Adck3
1.59186013879384e-17,Acot11
1.59118467737647e-17,Socs2
1.58743608300415e-17,Eif2b4
1.58741524545241e-17,RP23-198F11.3
1.58629515939213e-17,Baiap2l2
1.58208651517625e-17,Zfp280c
1.57973187182991e-17,Azgp1
1.57826837209229e-17,Cd46
1.57822852365731e-17,Mzf1
1.57822263772549e-17,Tctex1d2
1.56828853789777e-17,Cacna2d2
1.56150009652976e-17,Arhgef11
1.55576192189283e-17,Gmeb1
1.54654942377561e-17,Gm4208
1.54267999866496e-17,Gm14322
1.53694209464559e-17,Eef2
1.53159956287413e-17,Acad8
1.52803363535145e-17,Dock5
1.52588033146605e-17,Mettl7b
1.52462994305302e-17,Smcp
1.51265579278668e-17,Setd6
1.51053915757999e-17,Cyp39a1
1.50747671401845e-17,Eml4
1.50709987907307e-17,Zfp449
1.5056781897477e-17,Gm15354
1.50548226263786e-17,Rab40c
1.50535250152022e-17,Itgae
1.50487499684436e-17,Fam126a
1.50202485275475e-17,Ccl25
1.49948104773744e-17,Pcx
1.49926725986896e-17,Pggt1b
1.49682250087679e-17,Nfya
1.49073468835876e-17,Ackr3
1.490726028597e-17,Tia1
1.48805232715327e-17,Lig4
1.48601403572876e-17,D630036H23Rik
1.47708615962505e-17,Nup160
1.47220821054118e-17,Slc10a2
1.47016802479379e-17,Slc2a1
1.46935211286536e-17,Pfas
1.46805950811374e-17,4831440E17Rik
1.46628709843705e-17,Fxyd4
1.46509421625447e-17,Ripk4
1.45854635389288e-17,Steap2
1.45428575110644e-17,Trmt44
1.45318136086434e-17,Ly6c1
1.44695634524591e-17,Slc25a26
1.4366436514587e-17,Xrcc5
1.43322088062264e-17,Ash1l
1.42736823475994e-17,Gm17102
1.4246109124917e-17,Gm13855
1.42193829351819e-17,Cox7a1
1.4110941068529e-17,Gm10260
1.40555943661736e-17,Xpr1
1.40538109964859e-17,Speg
1.40534537813132e-17,Sh2d4a
1.39758163109497e-17,Arhgef33
1.38971856741592e-17,Calml4
1.38580489633503e-17,Rab29
1.38546012956992e-17,Dmxl2
1.38459307092359e-17,Coq3
1.38168230850166e-17,Fam53b
1.37921644134019e-17,Gramd4
1.37351074080987e-17,Zc3h6
1.37249917238915e-17,Purg
1.36756175509757e-17,Kpna2
1.36410299212669e-17,BC005561
1.36343443145698e-17,Gpatch2l
1.36246629715385e-17,Slc16a12
1.35824249835489e-17,Ttc30b
1.35787662342048e-17,BC089597
1.35280633290938e-17,Pde9a
1.34735717782123e-17,Prpf8
1.34570965814619e-17,Pnn
1.34225766061418e-17,Gm2000
1.34200165640712e-17,Cxx1a
1.33921050694451e-17,Tmem176a
1.33919088717177e-17,Ints4
1.3272903448804e-17,Poc1a
1.32156407741589e-17,Stard7
1.32047511237444e-17,Smc5
1.31974660991629e-17,Ppox
1.3176720557394e-17,Sorbs3
1.31458539190669e-17,Smad7
1.31275060488357e-17,N4bp3
1.31104138440598e-17,Cbx5
1.307805880918e-17,Hspa13
1.30711959479843e-17,Aqp1
1.30392042171722e-17,Foxi1
1.29905952153932e-17,Ftsj2
1.29869587919975e-17,Gm6525
1.29652924739976e-17,B3gnt8
1.2959506670671e-17,Kremen1
1.29141078696386e-17,Phlda2
1.28834252512489e-17,Rab3gap1
1.28087077443042e-17,Zfp746
1.28005892176532e-17,Ccdc97
1.27968005718827e-17,Hsd17b11
1.27728238565068e-17,Nip7
1.27691163960028e-17,Map3k4
1.27414423682812e-17,Derl3
1.27163019974186e-17,Stx2
1.27070313165271e-17,Cyb5r3
1.26900148846666e-17,Slc39a7
1.26569345947393e-17,Nsun2
1.26548887260233e-17,Cyp2d12
1.26490433868346e-17,Palm3
1.26377315730342e-17,Bre
1.26368723622969e-17,Pgm1
1.26107780645528e-17,Braf
1.26101285824208e-17,Tmed8
1.25929064812184e-17,Pqlc2
1.25718957342457e-17,Timp3
1.25656444687244e-17,Spata33
1.2523471428948e-17,A430033K04Rik
1.25202402553409e-17,Tnfaip8
1.25135181152739e-17,Rnmtl1
1.25010693113299e-17,Gm10642
1.25006258949521e-17,Erf
1.24915439698052e-17,Zkscan17
1.24220818557792e-17,Gm8730
1.24062020176499e-17,H1f0
1.23741947263283e-17,Gm20400
1.23424228722796e-17,Ccne2
1.23117889650498e-17,Ttyh3
1.23040520091514e-17,Caskin2
1.23032049762042e-17,Usp40
1.22941825869194e-17,Prr12
1.22684901562445e-17,Pex1
1.22604907013177e-17,Gatm
1.22446216878906e-17,Zscan26
1.2178166134901e-17,Gm43568
1.2144103503249e-17,Mettl21a
1.21427828895804e-17,Vac14
1.21333653986653e-17,Dnase2a
1.2114265211631e-17,Birc5
1.21113290111589e-17,Gm5786
1.21098812072395e-17,Ugt8a
1.20986397540034e-17,Zfp668
1.20798643080352e-17,Il4ra
1.20769199890364e-17,RP23-267I20.3
1.20659491533554e-17,Gm15217
1.20630697825698e-17,Ctnna1
1.20505753700539e-17,Gtf2h3
1.20449911768058e-17,Krt18
1.20342977241187e-17,Etv1
1.20301843372821e-17,Ugt3a2
1.20024216823113e-17,Tyrobp
1.19598778964845e-17,Ugt2b37
1.19528959635646e-17,Fubp1
1.19252063753336e-17,Sdha
1.18676006929376e-17,Tigd5
1.18521369292991e-17,Mgmt
1.18363355702607e-17,Osgin1
1.18314861036745e-17,Slc22a2
1.17791919673398e-17,Comtd1
1.17375926367801e-17,Krt7
1.17323318315103e-17,Plscr1
1.17322418511732e-17,Gm26664
1.17239359218654e-17,Rfx2
1.17116782997101e-17,Igfbp4
1.17104442836592e-17,Gdap2
1.17055352812109e-17,Thnsl1
1.16982259010494e-17,Ston1
1.16875608632056e-17,Rft1
1.16768227586218e-17,Zfp101
1.16512615774612e-17,Wdr78
1.1644708573366e-17,mt-Nd5
1.16412744365927e-17,Mapk1ip1l
1.16273308670696e-17,Csgalnact1
1.16242363553278e-17,Lmbrd2
1.1606240287918e-17,Etl4
1.15831599931931e-17,Acacb
1.15819658932316e-17,Id4
1.15642675051324e-17,Krt8
1.15577767430749e-17,Gm12166
1.15489613762197e-17,Aass
1.15414165587854e-17,Kdelr2
1.15361232794089e-17,Sugp1
1.14619415952232e-17,Cryga
1.14395019875598e-17,Prlr
1.14360380828554e-17,Far1
1.14338947918195e-17,Tmem140
1.14281576996528e-17,Acox2
1.14148649653496e-17,Endov
1.14018888535857e-17,Snx33
1.13941518976873e-17,Macrod1
1.13812157020129e-17,Slc25a30
1.13703020342903e-17,AW112010
1.13578837329618e-17,Atp6ap2
1.13577754859398e-17,Ppme1
1.13457384170919e-17,Safb2
1.13228116978294e-17,Zfp687
1.13073269613304e-17,Tmtc3
1.12966159185022e-17,Cyba
1.12951870578116e-17,Calb1
1.12666964416177e-17,Atf7ip
1.12639200746391e-17,Atp4a
1.12336486257971e-17,Dlg3
1.12133523091696e-17,Dnase1
1.11878655478365e-17,Brat1
1.11847913324114e-17,Snrnp35
1.11828699477706e-17,Srcin1
1.11559813875025e-17,Ehmt2
1.11462391555213e-17,PISD
1.11412963258786e-17,Tmsb15l
1.11188526589519e-17,Acat2
1.11032055519199e-17,Kri1
1.10341385395243e-17,Ccdc34
1.10150491771923e-17,Trappc13
1.09938706473353e-17,Slc16a7
1.09591017038647e-17,Ccdc57
1.0952804940767e-17,Cd200
1.09277765379178e-17,Coro1a
1.08886545419384e-17,Dalrd3
1.08524459130749e-17,Il13ra1
1.08129682241467e-17,Chd3
1.08010827011296e-17,2810474O19Rik
1.07995131193104e-17,Ankrd49
1.07946095292132e-17,Ap1m2
1.07683271522684e-17,Atxn1
1.07338829498637e-17,Cycs
1.07331576948162e-17,C030039L03Rik
1.07290984314907e-17,Slc5a12
1.07174101210169e-17,Ttll3
1.07136935271705e-17,Slc2a8
1.06765336776011e-17,Rps18
1.05978597420018e-17,Cited2
1.0539819041886e-17,Jchain
1.05242409423305e-17,Phf2
1.05024508167992e-17,E2f4
1.05023655722694e-17,Sgol1
1.04971791868272e-17,Tk2
1.03480472645994e-17,Bpnt1
1.02887278965361e-17,Hdac11
1.02729806610087e-17,Nmd3
1.02504301001478e-17,Bphl
1.02231789123559e-17,Zfp777
1.02051395461374e-17,Sptlc2
1.01524381303825e-17,Exoc3l4
1.01277104512913e-17,Coq6
1.01230287675892e-17,Ddx28
1.01118522625663e-17,Rpl23a
1.00970663959032e-17,Fbxo17
1.00948087689503e-17,Tti1
1.00923488553751e-17,Ptrf
1.00804065026715e-17,Rhebl1
1.00734949303159e-17,Pomc
1.00709024141387e-17,Nab1
1.00618096642896e-17,Gm8126
1.00484411570709e-17,Lmo4
1.00107684872347e-17,Ociad2
1.00089526434405e-17,Tmsb4x
9.99116224537257e-18,9430015G10Rik
9.9824104736428e-18,Cpq
9.95942151234271e-18,Tmem52
9.93385627191872e-18,A830009L08Rik
9.93254107060125e-18,Igfbp1
9.89053310753343e-18,Six5
9.8803078232165e-18,Zfp628
9.86953859761395e-18,Map3k7cl
9.84163522151446e-18,Pdhx
9.82669713247662e-18,Msh6
9.79237200179619e-18,Spa17
9.77353701996588e-18,Xrcc6bp1
9.76028758447144e-18,Nuak2
9.75591440478211e-18,Rdh16
9.75224483073585e-18,Zfp456
9.74474331211033e-18,Tbcd
9.71434754832899e-18,Ank3
9.69345485826458e-18,Gm12927
9.69305535909896e-18,Gm26909
9.68174354529857e-18,Gm10093
9.67834484251131e-18,Rnf144a
9.67035595858277e-18,Dand5
9.67033430917837e-18,Zfp3
9.64006302947234e-18,Atp6v1g3
9.5967046848049e-18,Ldha
9.54827496715614e-18,Sema4b
9.53499914645009e-18,Gm20498
9.48010640504324e-18,Uba3
9.47868295670377e-18,Exoc7
9.47659378917891e-18,Micall1
9.46308456083165e-18,Drap1
9.45628664784921e-18,Ak4
9.41715534939139e-18,Atxn7l2
9.41038991051556e-18,Tcn2
9.40275578928807e-18,Zfp691
9.38258125056033e-18,Tmem144
9.37033851237063e-18,Gm13075
9.3660356932456e-18,Rsad1
9.344927523953e-18,Dcaf12l1
9.34272537359891e-18,Apbb1
9.34216181254056e-18,Flad1
9.33868708313393e-18,Wfdc2
9.3149052123976e-18,Tcerg1
9.3108242996677e-18,Minpp1
9.2970444537654e-18,Zfp574
9.28831974379113e-18,Ccpg1
9.25679821098085e-18,Cklf
9.25585375571378e-18,Hps1
9.23494381378024e-18,Serpinc1
9.22975269253082e-18,Emx1
9.18195621996083e-18,4921539H07Rik
9.17513124522289e-18,Slc46a1
9.16881909075174e-18,Hivep3
9.1613676363739e-18,Litaf
9.15881300665438e-18,Dcakd
9.15367127310875e-18,Sppl3
9.12836311936203e-18,9530068E07Rik
9.12020941242888e-18,Gk5
9.11255973069197e-18,Mfng
9.08091844961359e-18,Per1
9.0761393435917e-18,Mrpl3
9.05388916821686e-18,Itgb8
9.0485363529783e-18,Srgn
9.03742208999308e-18,Ehbp1
9.0363098518419e-18,Myo15b
9.02426162001987e-18,Cct6b
9.01215114616018e-18,Plin5
8.99695123463785e-18,Ucp2
8.99406087001412e-18,Mylpf
8.96163902642544e-18,Csrnp2
8.92258553051469e-18,Gm20635
8.91718129794068e-18,Ptk2
8.90091447670762e-18,Apoo
8.87175272897723e-18,H2-D1
8.85906617799727e-18,Gm26737
8.85712855630323e-18,Pigr
8.84620643178209e-18,Irf1
8.79199767624559e-18,Tmem117
8.78654067324834e-18,Lig1
8.78480872089613e-18,Myo6
8.77365927762875e-18,Cd164
8.75969541178904e-18,B4galt1
8.71401246232386e-18,Leo1
8.69470389977223e-18,Sec62
8.69167027698031e-18,Mmab
8.65710576604466e-18,Gpc1
8.65016025021375e-18,Igsf3
8.64540989730708e-18,6030443J06Rik
8.62633508066861e-18,Stx16
8.60234754059046e-18,Slc25a25
8.60066971174925e-18,Ndufv1
8.59632900616652e-18,Ncoa4
8.59149307045807e-18,Gm853
8.57130229467704e-18,Nhsl2
8.49886609372127e-18,Gm29650
8.49245516384253e-18,Atp5d
8.48905620735131e-18,Ddit3
8.48852038459234e-18,4931414P19Rik
8.48614977481025e-18,Sh3d21
8.48302143587407e-18,Ccp110
8.43993370876166e-18,Actg1
8.43873013718565e-18,Phlda3
8.42655437684081e-18,Pcca
8.4256180401004e-18,Thoc3
8.42189028327981e-18,Lrrc52
8.39876466011444e-18,Fam3c
8.39306274822989e-18,Hnrnph1
8.3920540212935e-18,B930094E09Rik
8.37846834348694e-18,P3h1
8.36284559203487e-18,Smarcal1
8.34773430776181e-18,4732465J04Rik
8.34372916794731e-18,Pde5a
8.32850422430114e-18,Ppp1r1a
8.30879785394361e-18,Znrf3
8.3076544947736e-18,Spata17
8.30677904698306e-18,Rpl9-ps6
8.30347751281166e-18,Tmem52b
8.29235648438756e-18,Hmga1-rs1
8.27806652439403e-18,Trim12c
8.25371872469574e-18,BC023719
8.24527681006647e-18,Ank2
8.23700572276882e-18,Endod1
8.22920923100831e-18,Yes1
8.21153249231354e-18,Fgfr3
8.20166036390592e-18,Nisch
8.19116750648145e-18,Dbil5
8.19070576527817e-18,Git1
8.16442338833333e-18,Aebp1
8.14518789252157e-18,Inpp5e
8.13663367160696e-18,Zranb3
8.13345391533532e-18,Chd3os
8.12666141470399e-18,Peli2
8.11333079394304e-18,Rps4x
8.1105488454773e-18,Cyr61
8.0991287846549e-18,Klc1
8.09425766866429e-18,Cdhr5
8.08603089499128e-18,Gripap1
8.08585769975606e-18,Appl2
8.07418867078302e-18,Card10
8.07036755090595e-18,Gabarapl1
7.99311165129504e-18,Huwe1
7.98439370675964e-18,Stra6
7.97788261667255e-18,Xlr5c
7.95414272337024e-18,Cftr
7.95262320579873e-18,Alas2
7.92443703435423e-18,B230208H11Rik
7.90191353524881e-18,Fam219b
7.88223422664679e-18,Mtmr9
7.87553373598416e-18,Magi1
7.84388230674747e-18,Nfkb1
7.80065453505033e-18,Syne3
7.78711486222812e-18,Rac3
7.77334854720358e-18,Acy3
7.74796462054145e-18,Pvalb
7.67734967573106e-18,Pgm2l1
7.67376128695132e-18,Zfp157
7.66771298459632e-18,Zfp426
7.66163762048582e-18,Fez2
7.63064649808341e-18,Gchfr
7.62784290021326e-18,Tpp1
7.61821703378073e-18,Zfp947
7.61615222183582e-18,B4galnt3
7.615946552494e-18,Arhgef38
7.58775361561063e-18,Iqcb1
7.58365105347632e-18,Yif1b
7.57403601174599e-18,Alg13
7.56308953164489e-18,Rpl17
7.55204427613621e-18,Prickle4
7.49045577987395e-18,Serpinb9
7.48942202081372e-18,Tmem61
7.48492165087351e-18,Megf8
7.48325194055896e-18,Dgkq
7.45508065307999e-18,Phb
7.44150106416842e-18,Glt28d2
7.42544261845274e-18,Ap4m1
7.41067772465012e-18,Cisd3
7.41013648954006e-18,Gm5148
7.37486419741701e-18,Ssr1
7.35312413613341e-18,4930426D05Rik
7.34953236463423e-18,Zfp641
7.34915011733775e-18,Tnpo2
7.33800067407037e-18,Ids
7.32340356315188e-18,Mis18a
7.32045383180201e-18,Igf2bp3
7.31450565794238e-18,Vsig8
7.29590408375328e-18,Gm9726
7.2929279671918e-18,Hist1h1e
7.25870431809451e-18,Plxna1
7.25637700712122e-18,Golga2
7.19557431658439e-18,Chrna7
7.1668621322673e-18,Ethe1
7.1603673109465e-18,Cst3
7.15408898366973e-18,Akap9
7.12907850923355e-18,Iqcd
7.1246241442777e-18,Rpl3l
7.10977265285747e-18,Pdia3
7.08327378186861e-18,Aldoa
7.06842229044838e-18,Apob
7.02287194358517e-18,Cspg4
6.99842976601456e-18,Jade2
6.95430827984193e-18,Cd36
6.9430688562375e-18,Shh
6.94119079154757e-18,Ppp1r1b
6.93889390390723e-18,Irf3
6.92781482120416e-18,Clstn1
6.91939320289153e-18,Tc2n
6.86447948862417e-18,Prdm10
6.86323397132712e-18,Pkdcc
6.86020914360574e-18,Fnbp4
6.85925420190842e-18,Cyb5d1
6.76074636742879e-18,Ugt1a10
6.74313728312277e-18,Cage1
6.73712145487438e-18,Klf9
6.69282609692264e-18,Smad6
6.6194677666481e-18,Tfe3
6.60171931430124e-18,Sdr42e1
6.58990550493626e-18,Nlrx1
6.56415895075039e-18,Atp1b3
6.52216451856031e-18,Gas2l3
6.50539739312239e-18,Gm5449
6.46937244592441e-18,Bbs1
6.45903485532214e-18,Rogdi
6.42264761887236e-18,Atp9a
6.42113757291527e-18,Hus1
6.41923242532784e-18,Fam45a
6.41769531761525e-18,Notch2
6.39817837954625e-18,Rcsd1
6.37273762319756e-18,Alg10b
6.36737668943235e-18,Dll1
6.34388167330436e-18,Keg1
6.32544720545549e-18,Etfa
6.32290340043818e-18,Gm21781
6.2571793235286e-18,Gpsm3
6.25575236033221e-18,Afp
6.22025274946294e-18,Prkdc
6.20542831979821e-18,Slc4a9
6.18447169633643e-18,Cml3
6.17553590466923e-18,mt-Atp6
6.1630766724355e-18,Slc12a2
6.14461514283112e-18,Mier2
6.11747220206128e-18,Itgb5
6.10405768985828e-18,Slc38a3
6.07632750899402e-18,Ccdc114
6.07152675356772e-18,Hoxa3
6.04428909665362e-18,Syne1
6.03109649084575e-18,Ctu1
6.02896402451208e-18,Zbtb5
5.98269383495249e-18,2310043L19Rik
5.98111884078219e-18,Npr2
5.95104240571579e-18,Abtb2
5.94916161370831e-18,Slc23a2
5.94003368357703e-18,Slc25a38
5.9340584479619e-18,Acrbp
5.93261876256912e-18,Smarcb1
5.91017915490576e-18,Nat14
5.90588174813183e-18,Gm26830
5.87389475312689e-18,Manf
5.84886804163741e-18,Haus4
5.8402975836695e-18,Chml
5.83144027109326e-18,Rptor
5.82989233867847e-18,Pdcl3
5.82301865278062e-18,Evc
5.81901351296613e-18,Pkp4
5.81677888850544e-18,RP23-144N15.10
5.81492177553403e-18,Erdr1
5.80746355571731e-18,Ric1
5.79545896097603e-18,Sharpin
5.78684249802377e-18,Gpx1
5.7851572271998e-18,Ankrd34b
5.76137738609513e-18,Adar
5.75979968574929e-18,Tmod1
5.75047691097839e-18,Egr1
5.73694062087562e-18,Prmt10
5.72712193943513e-18,Hyal3
5.71827883428053e-18,Ces1d
5.70658815590309e-18,Hmgcs2
5.69831808342127e-18,Amdhd2
5.69770107539579e-18,H2-Aa
5.68820781156522e-18,Znfx1
5.67025774913986e-18,Fkbpl
5.65084364574177e-18,Dtx4
5.60486166387829e-18,Capg
5.59689062379478e-18,Amer1
5.59538328401324e-18,Slc41a2
5.58643463801218e-18,Psmb8
5.58112985738964e-18,G0s2
5.57169071707008e-18,Adat1
5.5674447276316e-18,Angel1
5.55339020491095e-18,Ube2l6
5.54016918425979e-18,Per3
5.53754960632707e-18,Tsc1
5.53062179691822e-18,Tnip1
5.5268389017708e-18,Aplf
5.50919429891068e-18,Runx1t1
5.50061301624057e-18,Blm
5.48976666463484e-18,Epdr1
5.46138158928739e-18,Pgm5
5.45128248040549e-18,AI427809
5.4492416857686e-18,Acot1
5.41321707684256e-18,Abcc2
5.39130382032374e-18,Ppp4r4
5.3826318807727e-18,Zfp185
5.35530492006543e-18,Abhd3
5.31815454211046e-18,Mrpl22
5.31498290436547e-18,3110056K07Rik
5.30841231012926e-18,Utp20
5.30820664078743e-18,Ccdc149
5.29094665312741e-18,Agt
5.27780005230389e-18,Sectm1b
5.21559319492838e-18,A730020M07Rik
5.20953677404673e-18,Mreg
5.20256837200462e-18,Gm10941
5.18737590246505e-18,Cox6a2
5.18479827025336e-18,2810425M01Rik
5.16298243605435e-18,Isg20l2
5.16259071714344e-18,Smpdl3b
5.14786032707909e-18,Pld1
5.13346888550242e-18,4930461G14Rik
5.12817019377486e-18,Alg2
5.11945901467834e-18,Fgfr1
5.11044203774463e-18,Gm11788
5.08925538936107e-18,Ap3b1
5.08777781751059e-18,Gm26526
5.08152655198932e-18,mt-Nd2
5.07742398985501e-18,Kng2
5.0659768672771e-18,2510017J16Rik
5.06189121873999e-18,Slc22a7
5.03623599797894e-18,Ngdn
5.02315434536863e-18,Ikbkap
5.02095151847066e-18,Reep5
5.01271933244655e-18,Fbxw4
4.99079389813775e-18,Rasa1
4.97290066539894e-18,Ptgds
4.96174039742937e-18,Crebzf
4.94883194005428e-18,Fchsd1
4.94052398111476e-18,Slc26a1
4.90767100993371e-18,Zfp512b
4.90449937218872e-18,Zfp830
4.90230195764185e-18,Kctd12
4.90217206121543e-18,Cyp27b1
4.8848308882889e-18,BC035947
4.88044688389736e-18,Ythdf2
4.86443714934159e-18,Plk4
4.86315983448183e-18,1700016C15Rik
4.85320652080771e-18,Bmp2k
4.81152059263037e-18,Tspyl2
4.78728949675269e-18,Brwd1
4.77661634038217e-18,Gm11837
4.77604669042883e-18,Slc25a47
4.76506097078225e-18,Recql5
4.76256587692484e-18,Uqcrc1
4.72287440012811e-18,Wnt5a
4.71723202410566e-18,Tmem205
4.69906817381182e-18,Ubn2
4.69735888567985e-18,Slc29a1
4.69074668399455e-18,Sox4
4.69038676264636e-18,Cers2
4.68778883411804e-18,Ccdc66
4.6818027738007e-18,Apom
4.65410236086749e-18,Cyp2f2
4.6478385792843e-18,Ccdc103
4.64695805741461e-18,Adamts1
4.63557047069881e-18,Zfp51
4.61634309341369e-18,Mras
4.61611712775524e-18,Pde3b
4.61265457613858e-18,Fabp5
4.59302939104757e-18,Abhd2
4.5776407237806e-18,Lonrf3
4.57519028181977e-18,Ehhadh
4.56617330488606e-18,Klk1
4.56462537247127e-18,Fbxo25
4.56020889397313e-18,Abcd4
4.53986657236127e-18,Pomgnt2
4.53501981195062e-18,Spred2
4.51256126105841e-18,Ddx19b
4.50201529493876e-18,Gm13572
4.49811671078656e-18,Tnfaip3
4.49070077496282e-18,Ift81
4.47606848376217e-18,Kcnip2
4.46968907660019e-18,Fbp1
4.46555245470954e-18,Rxrg
4.4556666262882e-18,Bak1
4.44174335308174e-18,Sod3
4.4259879990277e-18,Btbd3
4.4073424494859e-18,Sh2d3c
4.38856970969324e-18,Gm10101
4.36647649250032e-18,Mfsd5
4.36583512889489e-18,Accs
4.35884727621602e-18,Rgs2
4.34816380255122e-18,Scnn1b
4.34595556330214e-18,Jph1
4.34261073032193e-18,Clec2d
4.33888703276467e-18,Rif1
4.32235771250324e-18,Afm
4.31740270507058e-18,Man2a2
4.30667271901351e-18,Susd6
4.30395842493652e-18,Tnfrsf25
4.30113047148642e-18,Agk
4.29348281938118e-18,Supt16
4.28614502437645e-18,Hba-a2
4.28331842401413e-18,Klhl13
4.2716872814988e-18,Cul4a
4.25449765440308e-18,Gstm7
4.24414923909861e-18,Hunk
4.23775725244872e-18,Mief2
4.20024424697e-18,Zer1
4.19808471888084e-18,Gm14327
4.19166025812434e-18,Ift88
4.18127936871327e-18,Gldc
4.15580343208243e-18,Med16
4.15462895189358e-18,Dhx32
4.13723061100855e-18,Ifitm3
4.13690891439e-18,Ifi27l2a
4.13550170310383e-18,Nudt7
4.13172523512334e-18,Avpr2
4.11799815964427e-18,Klhdc1
4.11602806384363e-18,Spata7
4.10800695951244e-18,Dcaf10
4.09083898182113e-18,Hhatl
4.07047894321622e-18,Tm4sf1
4.06664036005005e-18,Cyp4a12a
4.06021150175829e-18,Aldh3b2
4.0536858976906e-18,Igsf8
4.04878636685673e-18,Ces1h
4.044541899642e-18,Tspan15
4.034136485515e-18,Ier5l
4.03004779253039e-18,Plk2
4.01150473938756e-18,Cgn
4.00124698096402e-18,5730422E09Rik
3.97656260068166e-18,Celsr2
3.95748879885902e-18,Tspan13
3.95500858896714e-18,Gpx6
3.94494093937601e-18,Megf9
3.94260009752498e-18,4932438A13Rik
3.92779596417688e-18,Shcbp1
3.92021867263595e-18,Dimt1
3.88938315532767e-18,Kifc5b
3.88519128940021e-18,Ubr4
3.86865114443657e-18,Prr5l
3.8599913826755e-18,Trappc9
3.84961319943998e-18,1700029J07Rik
3.84909631990986e-18,Parp8
3.83491020940307e-18,Gm20939
3.83164148761021e-18,Gtf3c5
3.82285690350189e-18,Fibin
3.81684953205209e-18,Dcst1
3.81619463756891e-18,Tox3
3.81029382178141e-18,Degs2
3.80374623003738e-18,Tstd2
3.76348916255062e-18,Idh1
3.73712044169213e-18,Gxylt2
3.73408893309986e-18,Myl4
3.72235529418556e-18,Cyp2j9
3.71483212615563e-18,Col4a2
3.67095419578253e-18,Mrps30
3.67037236803921e-18,Gm28873
3.66706271534115e-18,Sntb2
3.65840295358008e-18,Ubc
3.53034672653831e-18,Cbr1
3.52192510822568e-18,Clec2h
3.51377410746807e-18,Acmsd
3.4839899393611e-18,Pvrl2
3.46944695195361e-18,Amotl2
3.44617384222075e-18,Tra2a
3.44382488184306e-18,Loxl2
3.42770351754584e-18,Guca2a
3.40089377464063e-18,Cep128
3.32911551261553e-18,Acadm
3.30546895065672e-18,Zscan12
3.29419180973057e-18,Fcer1g
3.2915159095192e-18,Zhx1
3.2776765277548e-18,Fam21
3.27498794234554e-18,Gm11766
3.25840585166088e-18,Hoxd10
3.24747560861308e-18,Vma21
3.23200710916738e-18,Fig4
3.2061901944172e-18,Gdpd5
3.18645134995307e-18,Sigmar1
3.16293282392498e-18,3110052M02Rik
3.15925428567222e-18,Rrnad1
3.11577957545611e-18,Fgd6
3.09469779137513e-18,Gm6712
3.09097240245815e-18,Nek3
3.06980909483872e-18,Birc3
3.05420122735217e-18,2610020H08Rik
3.0401149070688e-18,1700028J19Rik
3.0356578359374e-18,Foxj3
3.01496100532845e-18,Dpep1
2.99147681390266e-18,Pou5f2
2.9853229707012e-18,Mre11a
2.98381021856856e-18,Phf11c
2.97952093032129e-18,Fus
2.95351999563368e-18,Rpp30
2.94427569995375e-18,Frmd4b
2.93348347185902e-18,Maoa
2.92472628777814e-18,Pias4
2.91445905774018e-18,Rbm45
2.91414108211301e-18,1810010H24Rik
2.91147685228371e-18,Klhl26
2.90595828379269e-18,Cyp20a1
2.90056014011366e-18,4930532G15Rik
2.89566399199922e-18,Gm10306
2.89079625872806e-18,Sugp2
2.88491844543274e-18,Sall2
2.8847899020941e-18,2810021J22Rik
2.87761447762239e-18,Nde1
2.87062442617588e-18,Slc6a19
2.87029968510984e-18,Son
2.86193760265931e-18,Dnase1l1
2.83782557850584e-18,Cers5
2.82417630557385e-18,D7Ertd443e
2.81814626990382e-18,Ly6e
2.81043569921703e-18,Mcm5
2.80888032481947e-18,Sparc
2.79878358384118e-18,Nt5dc1
2.79762263453009e-18,Alg1
2.79742778989046e-18,Cttn
2.78495502677898e-18,Gabrb3
2.75479470027051e-18,Etfb
2.74819298501548e-18,Wfdc17
2.74583725919891e-18,2700097O09Rik
2.74012181643661e-18,Nsrp1
2.70861110832853e-18,Apobec2
2.68850963634065e-18,Fam228b
2.68747046492932e-18,Ddx39b
2.68711595593223e-18,D730045B01Rik
2.66724992121723e-18,Inca1
2.65538604760457e-18,Alas1
2.6379855079519e-18,Wdhd1
2.61705036475855e-18,Mars2
2.6157730498988e-18,Aim1
2.60550852603638e-18,Dck
2.58403891317184e-18,Cd52
2.57853066197511e-18,Mastl
2.57550515770984e-18,Chst15
2.5686964200252e-18,Urb1
2.567072714695e-18,Ccdc169
2.55936011437655e-18,Epas1
2.55619659515821e-18,Trpm6
2.55053798208246e-18,Abhd4
2.54103389354969e-18,Tapbpl
2.54032216937996e-18,Sim1
2.53803951030325e-18,A430046D13Rik
2.52492707494605e-18,C030010L15Rik
2.51960639554215e-18,Fancm
2.5183236683313e-18,Abca3
2.51031338870231e-18,Prps1l3
2.49418458242232e-18,Rsrp1
2.48682378492542e-18,Cep89
2.48621760160214e-18,Cox8a
2.48115434714747e-18,Zfp759
2.47618851501261e-18,Paip2b
2.46840014177875e-18,Pigg
2.45709915268056e-18,Herc1
2.43677036194645e-18,Slc43a2
2.4268075766579e-18,Trib1
2.42083166449888e-18,Smarcd3
2.41819517296897e-18,Cyp2a5
2.40195000114032e-18,Gm26704
2.40064833070061e-18,Vamp5
2.3814804892776e-18,Kctd17
2.37805717720642e-18,mt-Nd3
2.37298749558482e-18,Xrcc3
2.36602010835854e-18,Taf1b
2.34480369204393e-18,Galns
2.33380038225628e-18,Gba2
2.32756526922032e-18,BC021614
2.31356901384198e-18,Zc2hc1c
2.30253864229883e-18,Ythdc2
2.29594098630711e-18,Pgam1
2.29081007746368e-18,Fmo5
2.28521404469754e-18,Pgk1-rs7
2.27501683695194e-18,Rnf217
2.26424625826161e-18,Slc6a19os
2.26366172434274e-18,Zfp472
2.25725350063955e-18,Krit1
2.25168960370806e-18,Marf1
2.24886773915295e-18,Pag1
2.2422612880907e-18,Parp6
2.24147108483001e-18,Ythdf1
2.23177215165761e-18,Hoxd3os1
2.22873311651459e-18,Skp2
2.20938666750526e-18,Ankrd12
2.18111795770647e-18,Cmtm7
2.16951387694665e-18,Ccdc17
2.16134122678464e-18,Emilin1
2.14384309567618e-18,Fem1a
2.13616432255211e-18,Itga3
2.12989952615309e-18,Cdc42ep3
2.10597219848093e-18,5033403F01Rik
2.10257865434082e-18,Dtnbos
2.09983256270112e-18,Pdgfc
2.09921555467564e-18,Dennd4b
2.098509242857e-18,Agl
2.09099723780122e-18,Eif4e3
2.08747887131384e-18,Abca2
2.08091774869206e-18,Ltbp3
2.07892735657479e-18,Slc7a6os
2.07005380694525e-18,Vegfc
2.06372879814023e-18,2210404O09Rik
2.05946386547291e-18,Unc13a
2.05715482118459e-18,Tnk2
2.05523749580717e-18,Cmtm4
2.03405558323083e-18,Gm26631
2.01859046650456e-18,Pdpr
2.01181961527763e-18,Fam81a
2.01154087919594e-18,Tmtc4
1.97823597669799e-18,Tet2
1.97771639099233e-18,Arsb
1.96294608483861e-18,Arrdc2
1.96028523772874e-18,Dapk2
1.9267185127463e-18,Zfp180
1.92367406525217e-18,Prickle1
1.9218365720535e-18,Flywch1
1.8841151910574e-18,2010308F09Rik
1.87980966575682e-18,Npat
1.8613887287857e-18,F8
1.84240761347567e-18,Hdgfrp2
1.82942067700962e-18,Tubb6
1.80852629558549e-18,4430402I18Rik
1.80512733909428e-18,Glb1l
1.80280002812099e-18,Hba-a1
1.7964080414711e-18,Ldoc1l
1.76899313005845e-18,Dpagt1
1.76847489744056e-18,Nme2
1.73038277039407e-18,Adprh
1.71265732053939e-18,Uba6
1.70340761250835e-18,Ccdc151
1.69281022905325e-18,Xpnpep2
1.65002018125138e-18,Smpd4
1.64485679830134e-18,Coil
1.6242032665012e-18,Fam49b
1.62220069659395e-18,Hs1bp3
1.62122106104473e-18,Ugt1a6a
1.61583847787512e-18,Meis1
1.60818541341878e-18,Wdr44
1.60733838047152e-18,Zcchc7
1.60096280001091e-18,Kif20b
1.59356935927143e-18,Rbm6
1.58669744930128e-18,Nphp4
1.57876116666e-18,Pdss2
1.55650557893406e-18,Gm9828
1.55239219209756e-18,Defb19
1.55200791516941e-18,Cxx1b
1.55160198883686e-18,Anapc1
1.55062235328764e-18,2410016O06Rik
1.5369480482318e-18,Gm3839
1.51306604900011e-18,Ufl1
1.49679652159151e-18,Jund
1.49304407091903e-18,BC018473
1.47857313543557e-18,Atrnl1
1.47831875493383e-18,March10
1.46189768169441e-18,Slc18a1
1.45825347804394e-18,Nupr1
1.44674309861255e-18,Rapgef3
1.44234826951881e-18,Emb
1.42094783326677e-18,Kcnc3
1.42002773357966e-18,Lman2l
1.41567620329472e-18,Chtop
1.4144775155199e-18,Cenpm
1.41015560517204e-18,Rrbp1
1.40395305081068e-18,Gm44202
1.39806441281315e-18,Kif22
1.39568297832886e-18,Etv3
1.38321833374402e-18,Crip1
1.3731398594507e-18,1600002H07Rik
1.36516949591108e-18,Mcm10
1.33692581823614e-18,Ipcef1
1.31652734348161e-18,Tmem9
1.28616946615797e-18,Vrk1
1.28311554704942e-18,Prom2
1.27905087137282e-18,Irgm2
1.273374668156e-18,Kmt2b
1.25442061460146e-18,Gm7808
1.25273737340916e-18,Mzt2
1.2498201161659e-18,Ghr
1.23220832568433e-18,Nup88
1.20442672748461e-18,Cdo1
1.18679869994974e-18,Guf1
1.1800224363717e-18,Pvr
1.17707744082905e-18,Arhgap11a
1.13200405740659e-18,Capn2
1.13189648692846e-18,3300005D01Rik
1.13092158718646e-18,Dym
1.12983911696632e-18,Rpl37a
1.11236804761337e-18,2010111I01Rik
1.10939125450801e-18,Slamf1
1.10256086741897e-18,Adgra2
1.09170910346213e-18,Wrap53
1.09112998189436e-18,Prkag3
1.08403438960138e-18,Dtx2
1.07285517840296e-18,Rbl1
1.06570207987954e-18,Poc1b
1.04368463560203e-18,Zbtb49
1.04339304518648e-18,Unc119
1.04104408480879e-18,Naa30
1.03660595690624e-18,Clasrp
1.0297214463062e-18,Sox6os
1.02376786009546e-18,Alkbh2
1.01796581971555e-18,BC023829
1.01198246557376e-18,Spry2
9.92579186877872e-19,Slc35d2
9.91293753491464e-19,Kcp
9.84485015806826e-19,Nepn
9.82179354237942e-19,Mon1a
9.55588473280367e-19,Pxylp1
9.55518112716059e-19,1810032O08Rik
9.51577921114774e-19,Gm6483
9.45644631220668e-19,Rgs14
9.39603094304549e-19,P2rx5
9.17934746673031e-19,Pmaip1
9.09794570617629e-19,Dhx34
9.04030416695419e-19,Nup155
8.9965182465498e-19,Pacs2
8.79744097922911e-19,Lbx2
8.75501914043806e-19,Wnk4
8.68855546892188e-19,Paip1
8.6108341071163e-19,Fbp2
8.43525743741068e-19,Arid5b
8.10553700835808e-19,Hip1r
8.03566355564848e-19,Mecom
7.65642011402478e-19,Cpne2
7.45259097157368e-19,Clcn3
7.08019415409233e-19,Tmem14a
6.96640623763969e-19,Zfp354c
6.94163796591527e-19,Lcp1
6.87054673420801e-19,Atl3
6.78534956244465e-19,Gm11205
6.76473527018998e-19,Pm20d1
6.65069703249894e-19,Slc6a20a
6.51533413147127e-19,Kazn
6.48269765433425e-19,Amacr
6.41428553642183e-19,Alg14
6.34548102305461e-19,Tnfrsf11a
6.24747687549929e-19,Tbc1d4
6.03341838946793e-19,Afap1
5.74126982521227e-19,Trnp1
5.74039370087785e-19,Gpr155
5.66077801618705e-19,Esf1
5.39882022291479e-19,Nipal2
4.98537072233488e-19,AY074887
4.95998679567275e-19,Farsa
4.8612655115966e-19,Hyls1
4.82567930310972e-19,Chst11
4.62918389640002e-19,Adrb2
4.53667328521188e-19,Pi16
4.28643323207256e-19,Fkbp11
4.04562420072616e-19,Snrnp27
4.02923830776889e-19,Gm37276
3.98782029097104e-19,Hivep2
3.83080713986085e-19,Nup133
3.6033268687797e-19,Hcfc2
3.44471791977467e-19,Gm43597
3.43619346679112e-19,Tctn1
3.37384318211144e-19,Sel1l3
3.19718573354541e-19,Bmp6
3.19620981898757e-19,Gm16230
2.99800952168116e-19,Kdelc2
2.95219396961402e-19,Dyx1c1
2.92004460407606e-19,Rpl7a-ps3
2.76581965946257e-19,Sdf2l1
2.43903373952236e-19,Syngr3
2.24201231994007e-19,Ttc14
2.15974458320994e-19,Cbx3
2.0448234557456e-19,Pla1a
1.75305375606699e-19,Mal2
1.57672612264615e-19,Egf
1.48114400220838e-19,Pkm
1.44195858023956e-19,Cep152
1.34281107351422e-19,Tubb2b
1.25193093309516e-19,Nelfb
1.0468298881354e-19,Arhgdib
9.64724521938292e-20,Ndc1
8.77545076584307e-20,Zfp719
7.7028580864685e-20,Smg6
4.91143800629978e-20,Gm14508
4.23895338204197e-20,Ypel2
4.01488204647438e-20,Ddx56
0,Alpl
-5.35839672563169e-21,Gm7120
-5.54224752708245e-20,Scarf1
-7.11196465505324e-20,Plekha2
-7.34347797338425e-20,Arv1
-8.42648942862761e-20,Mterf2
-9.97171566786788e-20,Rgs12
-1.13377930856761e-19,Tmco6
-1.23174286348967e-19,Tjap1
-1.64037537158999e-19,Frzb
-1.92722997992531e-19,Slc22a23
-1.96108423605998e-19,Kbtbd8
-1.99652160489159e-19,Snapc4
-2.08299744460249e-19,Cyb5d2
-2.15230260044653e-19,Kat8
-2.34398101467663e-19,Fbxw8
-2.43263532570555e-19,Slc31a2
-2.5085266362952e-19,1500002F19Rik
-2.67640761927956e-19,Hdhd3
-3.3366637127693e-19,Gm34333
-3.3499205902465e-19,Zc3h4
-3.39763046519887e-19,Pea15a
-3.40922642743205e-19,Klhdc9
-3.44788414516856e-19,Ndor1
-3.69007670876507e-19,Zfp956
-3.72521978100558e-19,Zfp341
-3.72975939049127e-19,Gjb2
-3.78249260380895e-19,Cdon
-3.78864577046652e-19,Ccdc107
-3.83540848397628e-19,Ampd2
-3.89315827022039e-19,Gm10382
-4.09433536063216e-19,Limk2
-4.10007245279887e-19,Fbxl20
-4.44251190693803e-19,Arhgef10
-4.56477015286321e-19,BC025920
-4.61911692335278e-19,Safb
-4.72141035915538e-19,Cog6
-4.73272217295577e-19,S100a6
-4.78565496672029e-19,Ccl5
-4.94883735240538e-19,Kcnj1
-5.04171329729282e-19,Slc4a4
-5.0553524220665e-19,Rbfox1
-5.09280589168311e-19,0610007P14Rik
-5.12798617383744e-19,Gm128
-5.16035203341943e-19,Crtc3
-5.35801109561576e-19,Chmp4c
-5.5009986462565e-19,Slc6a9
-5.5613260647123e-19,Tgfb1
-5.76653535669407e-19,Spp1
-6.06767857193515e-19,C330027C09Rik
-6.08511649063761e-19,Dsp
-6.472522434265e-19,Tcte3
-6.50607901108913e-19,Ppp1r37
-6.64192902371586e-19,Fosl2
-6.83461548833846e-19,Dhx35
-7.00412863345162e-19,Eif3j2
-7.05819294686812e-19,Dzip3
-7.33633366993137e-19,Mlycd
-7.36296243734665e-19,Ctsl
-7.50790519982249e-19,Echdc3
-7.51372347725571e-19,Gm10311
-7.80501621349358e-19,Sirt6
-7.86360491415829e-19,Bco2
-8.03471639420586e-19,Gm1976
-8.14883581716342e-19,Wdr25
-8.16269143598112e-19,Sod2
-8.275430709408e-19,Spink10
-8.35547938218686e-19,Mylk
-8.35688659347303e-19,Slc23a1
-8.35731958156109e-19,Hprt
-8.39369058095757e-19,Vimp
-8.64558140118258e-19,Fam110c
-8.72200379872399e-19,Smu1
-8.72362750405419e-19,AY036118
-8.73640065265177e-19,Gm42595
-8.82050858875612e-19,Vta1
-8.83329526823145e-19,Ptgs1
-8.88145166214963e-19,Als2
-9.06617520521537e-19,Ccdc160
-9.21374634069448e-19,Gsto2
-9.24846319028582e-19,Fut11
-9.26043801709604e-19,Apln
-9.28678263607854e-19,Rsrc1
-9.39270234711858e-19,Rinl
-9.44583302997022e-19,1810011O10Rik
-9.49542877100923e-19,Zfp13
-9.59566551339357e-19,Slc26a4
-9.71830938933467e-19,B4galt6
-9.83784116339289e-19,Adgrf5
-9.84549964020034e-19,Tgm1
-1.01864777595423e-18,Mlxip
-1.01872354886964e-18,Synrg
-1.02320768175654e-18,Kalrn
-1.03748275778455e-18,Plcl2
-1.11141006146855e-18,Tssc4
-1.12149056539355e-18,Dcbld1
-1.13645301001134e-18,Actr5
-1.15256016688692e-18,Doc2g
-1.15982375348398e-18,Dnah7a
-1.16175033905585e-18,Dbn1
-1.17236125338871e-18,Efhd1
-1.17417709718298e-18,Spata1
-1.1747403199694e-18,Gm14286
-1.18049872326856e-18,Kif13a
-1.18346536821561e-18,Gm15563
-1.18558092095209e-18,Fgfr4
-1.19576764226743e-18,Cdca3
-1.20401538880096e-18,Cldn8
-1.21039655074864e-18,Syn3
-1.21787641996976e-18,Rasgef1b
-1.22968617007142e-18,Myo7b
-1.24199115029878e-18,Ppp2r2b
-1.24391524111507e-18,Neo1
-1.24531331905876e-18,Slc35g1
-1.24575442567347e-18,Mppe1
-1.24871599654136e-18,Yars
-1.25203647394162e-18,Lzts1
-1.26130512520151e-18,U2af1l4
-1.26157033040544e-18,Eogt
-1.26432521711568e-18,Rbm27
-1.27525816633903e-18,Ezh1
-1.27704390393031e-18,Krt222
-1.28357694998075e-18,Armc6
-1.3156397179011e-18,Gm26627
-1.32096005903306e-18,Ppp1r10
-1.33025171278513e-18,Blnk
-1.34228675200135e-18,Mir17hg
-1.35159328971894e-18,Rap1gapos
-1.35963130764732e-18,Ptgfr
-1.36646846017524e-18,Capn12
-1.36763617492521e-18,Cd27
-1.36805021978441e-18,Ptprs
-1.37631487991512e-18,Gm8973
-1.38617618362054e-18,Adck1
-1.40068940309698e-18,Pex5
-1.40399634961948e-18,Fam3a
-1.40473242936917e-18,Dennd3
-1.40506528896186e-18,Kcnk1
-1.41477809128395e-18,Otub2
-1.424400913269e-18,Elovl5
-1.42542925997812e-18,Susd2
-1.44942221240738e-18,Abca13
-1.45471007943273e-18,Syn2
-1.46454432138264e-18,Tmem191c
-1.48229717126477e-18,Stk32b
-1.49017180384429e-18,Apmap
-1.49364382707537e-18,Fbxo5
-1.49418235600989e-18,Polr3b
-1.49614162710833e-18,Sike1
-1.51338673080283e-18,Fancl
-1.51721190994322e-18,Isyna1
-1.53020696493592e-18,Psmc3ip
-1.55330146708247e-18,Zmym5
-1.56843440075993e-18,Tbc1d23
-1.60458078758573e-18,Ccdc92
-1.63212153616147e-18,Galc
-1.6437256169213e-18,Fam219a
-1.64568488801974e-18,Epb41l2
-1.64791477667322e-18,Dusp6
-1.67914945487516e-18,Hsp90b1
-1.67977728760284e-18,Hgd
-1.68641469054795e-18,Pla2g7
-1.71624367968747e-18,Usp43
-1.78529648466143e-18,Gm21887
-1.79007017833222e-18,Abcc10
-1.81460165969599e-18,Bin1
-1.81881517502786e-18,Ulk1
-1.83749319867626e-18,Acsm5
-1.85743230013112e-18,Slc12a7
-1.90693366329781e-18,Vamp1
-1.917374088571e-18,Nap1l5
-1.92215860694399e-18,Ltc4s
-1.92610421089637e-18,Slc25a4
-1.92772791622657e-18,Hnrnpr
-1.93016618039742e-18,Pard6g
-1.9376541681452e-18,Fam65a
-1.95348529511464e-18,Ercc8
-1.95524963700548e-18,Mfsd2a
-1.95934687135667e-18,Agrn
-1.9953552432294e-18,Phf13
-2.00767916668562e-18,Opa1
-2.01088192544944e-18,Gm10638
-2.06872304511837e-18,2310015A10Rik
-2.09590048962648e-18,Lmna
-2.09715615508184e-18,Plk3
-2.10354272938062e-18,Eri3
-2.1049499406668e-18,Frk
-2.10653440645152e-18,Gm10399
-2.11040559057627e-18,Fam193b
-2.11058284507481e-18,Efcab7
-2.11252723220773e-18,Naa15
-2.12499728914366e-18,Zc3h18
-2.13335937159419e-18,Pik3r4
-2.18687128692648e-18,Rars2
-2.19559599690076e-18,Miox
-2.1975552679992e-18,Brd1
-2.19815062662027e-18,Icmt
-2.23053272325556e-18,Aste1
-2.24209891755768e-18,Guca2b
-2.2426753329499e-18,Tpm2
-2.24823652370584e-18,Zfp612
-2.25533482217436e-18,Prpsap2
-2.26476584396727e-18,4931406C07Rik
-2.26669467059077e-18,Phf21b
-2.26950706353146e-18,Usp54
-2.27132290732573e-18,Ebi3
-2.27442350796253e-18,Gm26935
-2.30365088045001e-18,Entpd2
-2.3039620906383e-18,Tbk1
-2.31788807002032e-18,Pde1a
-2.32327335936548e-18,Ptcd2
-2.32887006867551e-18,BC021891
-2.32930813084272e-18,Ovol3
-2.33146495275634e-18,Grik5
-2.3538010492049e-18,Cdc42ep1
-2.35809642634717e-18,Gstt2
-2.36530026566215e-18,Dlg2
-2.3713891606504e-18,Serhl
-2.37725885541908e-18,Pacs1
-2.3803087152643e-18,Epb41l3
-2.39079785169739e-18,Vhl
-2.39279771542909e-18,D230017M19Rik
-2.39477592975638e-18,Lnx2
-2.39632927452227e-18,Ddx21
-2.40840422982786e-18,Gtf2e1
-2.44837444270628e-18,Lipt1
-2.45651461876169e-18,Gm15634
-2.46283624484726e-18,Rorc
-2.46550994629099e-18,Mad2l2
-2.46644628303141e-18,Zfyve1
-2.46970993074511e-18,Trp53i13
-2.47201559231399e-18,Amn
-2.47841299131498e-18,Rplp0
-2.48228823470306e-18,Kdm6a
-2.48613371016008e-18,Bex2
-2.50263867484157e-18,Zfp800
-2.51167730117968e-18,D8Ertd82e
-2.54363046899024e-18,Kcnab2
-2.54532047562142e-18,Pikfyve
-2.56024773995706e-18,Acvr2a
-2.56486988779703e-18,Gm15883
-2.5808687976506e-18,mt-Co1
-2.58627032404906e-18,2700012I20Rik
-2.59584477314614e-18,Lemd3
-2.59711261639147e-18,Lypd6
-2.60132748481112e-18,Cndp1
-2.60292277529804e-18,Brip1
-2.61074497572628e-18,Pbxip1
-2.61102641798351e-18,Atr
-2.62006572086551e-18,9230102O04Rik
-2.63559916852443e-18,Ero1lb
-2.63758482483448e-18,Smarcad1
-2.65699622205702e-18,Slit2
-2.67272722053111e-18,Aadat
-2.69257972436835e-18,Rnf128
-2.69741498353291e-18,Cldn19
-2.70237607986056e-18,Gm37494
-2.70876806651045e-18,Sipa1l1
-2.71046213240496e-18,Prkar2a
-2.71743188753484e-18,Trf
-2.72851773567678e-18,Lrp4
-2.75437794923576e-18,Gm15972
-2.77197350266403e-18,Lin37
-2.78813072378729e-18,Zfp518b
-2.79934105600455e-18,Slc4a7
-2.79990867632623e-18,Pold1
-2.8015151297873e-18,Oxgr1
-2.81179216971163e-18,Gm13528
-2.81339151946188e-18,Pitpnm1
-2.84008794126592e-18,Mafb
-2.84768688221125e-18,Wdr34
-2.85754818591667e-18,Pwp2
-2.86293888761293e-18,Atp6v1c2
-2.86720382028026e-18,Car12
-2.87627830344441e-18,Atp13a2
-2.88723222552827e-18,BC052040
-2.89767535697701e-18,1110034G24Rik
-2.91116022974432e-18,Cntfr
-2.92111354341844e-18,Dyrk2
-2.92755153505269e-18,Gm8394
-2.9292618380005e-18,Serpina1a
-2.9357891334279e-18,Ppt1
-2.94419722086279e-18,Gm16548
-2.95100866472298e-18,Jun
-2.95661586046327e-18,5430403G16Rik
-2.99426688089505e-18,Aqp6
-3.00107832475524e-18,Pigo
-3.02053572696214e-18,Srgap2
-3.02732281524237e-18,Pebp1
-3.05048767795323e-18,Gns
-3.05774022842812e-18,BC026585
-3.06146392598538e-18,Fbxl22
-3.0770731465597e-18,Nod1
-3.09507733249607e-18,Cdc25b
-3.0967742737021e-18,1700064H15Rik
-3.12120004508343e-18,Dqx1
-3.13621661321223e-18,Dnhd1
-3.15355507996322e-18,Gamt
-3.16889571261417e-18,Mycn
-3.17286228942707e-18,Smad9
-3.20532421824109e-18,Sestd1
-3.24498592710677e-18,Ptprd
-3.26286562896783e-18,Trim46
-3.2996290238191e-18,Pnisr
-3.30945650033014e-18,Serpinb1a
-3.31038065928058e-18,RP23-235M8.7
-3.31842341301617e-18,Ncam1
-3.34202396999062e-18,Acap1
-3.3460737617017e-18,A330041J22Rik
-3.34949977994842e-18,Stra6l
-3.3548350050459e-18,Wwp1
-3.41799984856623e-18,9530034E10Rik
-3.44213081594855e-18,Il18bp
-3.4636665609781e-18,Amd2
-3.47074591621777e-18,Gas6
-3.48013752932923e-18,Igfbp6
-3.49121542808049e-18,Glt1d1
-3.4944736634431e-18,Tmed9
-3.54343379149972e-18,Cbfb
-3.58809110043132e-18,Commd2
-3.59013155679627e-18,Fam78a
-3.62429972929478e-18,Gm10639
-3.63028037726102e-18,Slc34a3
-3.6593825891293e-18,Hk1
-3.6682750819877e-18,Spp2
-3.6837327567312e-18,Trpm7
-3.6934425146058e-18,Npc1
-3.70428886621153e-18,Phlpp2
-3.71181203424146e-18,H2-K1
-3.73206505206015e-18,4930539J05Rik
-3.7332665940045e-18,B4galt3
-3.7763489087658e-18,Zmpste24
-3.78146899290704e-18,Depdc7
-3.78442143043245e-18,Acad10
-3.79203390225554e-18,Kmo
-3.79206096401104e-18,AI661453
-3.79529213761814e-18,Ndufb2
-3.80847992305081e-18,Gm26982
-3.83124909215542e-18,Mfsd7a
-3.85898468537078e-18,Heatr5b
-3.87248714827917e-18,AI846148
-3.88658767598418e-18,Glmp
-3.88892851783522e-18,Nt5dc3
-3.89100415448232e-18,Psat1
-3.90031339837547e-18,Nhlrc2
-3.91072676189315e-18,Pantr1
-3.92382498982871e-18,Cldn7
-3.93914701752275e-18,1700024P16Rik
-3.94816264136869e-18,Shq1
-3.94990677151088e-18,Nupl2
-3.9507118587371e-18,2700038G22Rik
-3.96907461293389e-18,Camsap3
-3.96942912193098e-18,Ftsj3
-3.9750890880945e-18,9430065F17Rik
-3.98312101712789e-18,Kifc2
-3.99801513081304e-18,A930015D03Rik
-4.00246070069835e-18,Poglut1
-4.00597872891378e-18,Usp49
-4.00949134477811e-18,Efcab12
-4.01327728437303e-18,2310040G24Rik
-4.04410941896186e-18,Eno1b
-4.04601118382986e-18,Fads6
-4.05015433859742e-18,Mzb1
-4.05311489464949e-18,Cat
-4.05623037925181e-18,Gm11940
-4.06037556365103e-18,Cacna1d
-4.07795758620154e-18,Ept1
-4.09686648045158e-18,Hpdl
-4.1011873971256e-18,Kin
-4.11839867362572e-18,Rps6ka4
-4.1213152543251e-18,Hist2h2aa2
-4.12813008090472e-18,Lonp1
-4.13054804875894e-18,Lrrfip1
-4.14385837320326e-18,Strada
-4.14846969634103e-18,Enthd2
-4.20587309211469e-18,Tfcp2
-4.22078411939703e-18,Ncs1
-4.22186658961716e-18,Phldb3
-4.22579054416515e-18,Ikzf4
-4.23912657727719e-18,Mep1a
-4.24324740609646e-18,Tmem30b
-4.27786818645576e-18,Acap3
-4.29532031257986e-18,Sec23a
-4.30197479825813e-18,Tgoln1
-4.31260194964429e-18,D17H6S53E
-4.34113434242325e-18,Gm12781
-4.35560037296353e-18,Pnpla7
-4.36275414803084e-18,Timm23
-4.37136113936867e-18,Kcnj2
-4.41509293626206e-18,Mon2
-4.42065277393022e-18,Pygb
-4.46063245842306e-18,Atp6v0e2
-4.46207214381584e-18,Tcp11l2
-4.47328924147197e-18,Anxa6
-4.47437983021876e-18,Tbc1d15
-4.4784695380192e-18,Wnk2
-4.50165266741502e-18,Lyst
-4.50796076262284e-18,Zfp27
-4.52243609564158e-18,Tvp23b
-4.56352801828561e-18,Gm10501
-4.58088407517767e-18,Prrc2c
-4.58372014715442e-18,Ercc2
-4.60975084977308e-18,2810417H13Rik
-4.6117331233637e-18,C730034F03Rik
-4.63054780887739e-18,Akr1c21
-4.63465848953834e-18,Engase
-4.63938211896145e-18,Zfp438
-4.64856281951596e-18,Slc38a6
-4.65871233091748e-18,Gng3
-4.66533840175247e-18,Fam120c
-4.67056943909127e-18,Qpctl
-4.67093477279056e-18,2510009E07Rik
-4.67119456564339e-18,Crebl2
-4.67461923080234e-18,Man2b2
-4.69287644415266e-18,Srpk2
-4.70623547975688e-18,Gm27003
-4.71328371397773e-18,Pomk
-4.73264640004036e-18,Atp1a1
-4.74287811152423e-18,Rsph10b
-4.74743835559848e-18,Hsd11b2
-4.76226278526321e-18,Chka
-4.76593506548501e-18,Gstm2
-4.77304418865573e-18,Fam151a
-4.77442704436195e-18,Adal
-4.78883320076818e-18,Gstm6
-4.78885637239633e-18,Elmsan1
-4.81782056931155e-18,Hmx2
-4.83024191508758e-18,Sept10
-4.83163830167155e-18,Bri3bp
-4.840157342304e-18,Cryl1
-4.88414893205021e-18,Krtcap3
-4.88419764321012e-18,Gm11468
-4.89330663011254e-18,Patz1
-4.92200291564828e-18,Knstrn
-4.92493640994484e-18,Rcn2
-4.93064508726827e-18,Arl4c
-4.9321145405921e-18,Ptpn22
-4.94745179052361e-18,Pdia4
-4.94906873041493e-18,1700029I15Rik
-4.95476928921171e-18,Sirt7
-4.96073911247575e-18,Smap2
-4.96843006338979e-18,Ciart
-4.97713312395966e-18,Slc17a3
-4.97812899656219e-18,Dnajc3
-4.98129251578053e-18,Sec22c
-4.98254547506033e-18,Rnf183
-4.99662029409761e-18,Sgtb
-5.00237903566872e-18,Tmprss4
-5.0168137760542e-18,Ifit3
-5.05892457379294e-18,Sag
-5.06761680966061e-18,Slco1a1
-5.07348244516595e-18,Gm20390
-5.07493701452426e-18,Cchcr1
-5.08023841242736e-18,Gtf2ird1
-5.08118557386998e-18,Ctnna2
-5.08143454202061e-18,Map2k1
-5.11542951928389e-18,Acp6
-5.11692332818768e-18,Lama1
-5.12425165157798e-18,Gm11713
-5.13338770023591e-18,Vasn
-5.13561877284118e-18,Gm26870
-5.15694766457711e-18,Gm16223
-5.16188372878091e-18,Neurl1b
-5.20382606709164e-18,Wdr66
-5.20533949576817e-18,Zc3hav1
-5.20624877075308e-18,Mfge8
-5.22207448537143e-18,Srek1
-5.24070379785992e-18,4930412M03Rik
-5.24398097645137e-18,Slc22a13
-5.27802737105012e-18,Phyhd1
-5.28342889744858e-18,Tbx2
-5.3101483217448e-18,Zfp820
-5.32641920224117e-18,Tmem63a
-5.33878845413786e-18,Zfp951
-5.3436521281457e-18,Pcnx
-5.36911182772323e-18,1700017B05Rik
-5.37942337138583e-18,Akr1c18
-5.40998319705991e-18,Dnajb5
-5.41573382010437e-18,Ermp1
-5.43050615588975e-18,Kif27
-5.43605719848737e-18,Clasp2
-5.44352624300629e-18,Gsta4
-5.44709839473273e-18,Cul5
-5.44976127147426e-18,Tyw1
-5.48864360178145e-18,Mogs
-5.54519455225676e-18,Lig3
-5.55049730324764e-18,Inpp1
-5.5597402458398e-18,Col4a3bp
-5.56611599543639e-18,Tfrc
-5.57436441851381e-18,Nsun5
-5.57457008785563e-18,Irf2bp2
-5.58939992987146e-18,Taf1d
-5.59033085426077e-18,Lpar6
-5.61810704010939e-18,Zfp207
-5.63559975886675e-18,Gm1604a
-5.63803396377427e-18,Zfp385a
-5.66805762841744e-18,Sh3bgr
-5.67059060873255e-18,Vps37c
-5.67171096541039e-18,Asah2
-5.672604003342e-18,Rbm8a2
-5.67376765882865e-18,Tmem57
-5.67680940014722e-18,Ier2
-5.68529596667307e-18,Hmgxb4
-5.72734993472524e-18,Myo10
-5.74376559561356e-18,Col6a6
-5.74853928928435e-18,Nol12
-5.75731271041853e-18,Hoxd9
-5.76680191498578e-18,Fhl3
-5.76998843669629e-18,Aspg
-5.7700371478562e-18,Zfp937
-5.77054049650856e-18,Vps16
-5.82344081616648e-18,Nhej1
-5.82507534619888e-18,Rpl27-ps3
-5.8284797150412e-18,AI429214
-5.84854600674692e-18,Gm20512
-5.85998501079818e-18,Zbtb6
-5.86824967092889e-18,Insig1
-5.88346378987287e-18,Upf1
-5.88778555222675e-18,Exoc8
-5.94419036922234e-18,Uba1
-5.96068721537718e-18,Eefsec
-5.96811566726284e-18,Sfxn4
-5.98927796006645e-18,Zbtb34
-5.99796748975857e-18,Nelfe
-6.00732003246052e-18,Zfp276
-6.01403134782534e-18,Tada2b
-6.03603390813733e-18,Brca2
-6.06830640466283e-18,Ncoa3
-6.06869609394208e-18,Cdkl1
-6.07409491416499e-18,Wfdc3
-6.11473084622879e-18,Irf5
-6.12052476808206e-18,Zfp94
-6.15224114553196e-18,Id1
-6.15722050854458e-18,Mettl7a2
-6.17032922291039e-18,Zc3h10
-6.18982992392609e-18,Usp4
-6.20645666650734e-18,Tspan8
-6.22893416062841e-18,Ddx55
-6.23490077030898e-18,Ppp1r13l
-6.25667787237042e-18,Sipa1l2
-6.26120801024168e-18,Thap1
-6.27295281213013e-18,1700084E18Rik
-6.31970199476213e-18,Edaradd
-6.32466241454589e-18,Ydjc
-6.37187976554811e-18,Gm7854
-6.39450880549999e-18,Zfp961
-6.3985788935277e-18,Hbb-bt
-6.44277074026464e-18,3010003L21Rik
-6.44504934007802e-18,Wwp2
-6.46040959250171e-18,Mettl16
-6.46140546510423e-18,Vps26b
-6.46703431024893e-18,Kif12
-6.47494530706241e-18,Gm13205
-6.49733265171046e-18,Atrx
-6.50574344532089e-18,Mov10
-6.54686648898376e-18,2010107G23Rik
-6.54872292541128e-18,Stoml1
-6.5520623460404e-18,Nubp1
-6.55545047782941e-18,Rbm4
-6.60515209798683e-18,Tmem241
-6.64136343302584e-18,Magohb
-6.68789713642965e-18,Chrd
-6.6946155555053e-18,Gnaz
-6.69867211265525e-18,Ankrd52
-6.6994986801499e-18,Gypc
-6.70655249585782e-18,Gpatch8
-6.73934051882566e-18,Gm15234
-6.74123484171089e-18,Fam172a
-6.75453569454078e-18,Xrcc2
-6.9760496942133e-18,Mcph1
-6.98682568525473e-18,Rps24
-7.00667818909198e-18,Cd82
-7.01196064376623e-18,Car3
-7.03842162829738e-18,6330416G13Rik
-7.04616670272244e-18,Traf6
-7.05848521382755e-18,Jarid2
-7.06052025784141e-18,Scand1
-7.07331234966783e-18,Phf6
-7.0824186303947e-18,Mapk1ip1
-7.1200473248782e-18,Cldn4
-7.13464781851613e-18,Cnot1
-7.13733234466206e-18,Gm10644
-7.16086795342331e-18,1700055D18Rik
-7.20854400118131e-18,Trip10
-7.26774768023983e-18,BC048403
-7.28875639758096e-18,Rnf24
-7.32432095666344e-18,Fam151b
-7.32640712202479e-18,Cd55
-7.35220809570962e-18,Lrfn4
-7.35550421752993e-18,Gpt2
-7.39156197710646e-18,Heatr1
-7.43102816478863e-18,Adra2b
-7.45859868129542e-18,Nprl3
-7.48569291090536e-18,Cyp2u1
-7.51306858277253e-18,Psmb5
-7.52085830909416e-18,Gm9951
-7.54299888435922e-18,Slc7a8
-7.55293866715559e-18,Dusp5
-7.55564213653037e-18,Dennd5b
-7.57296571931583e-18,Pik3cd
-7.60379007364996e-18,Cited4
-7.60433976555862e-18,Fancc
-7.60814194220684e-18,Magt1
-7.62501224058761e-18,Fcmr
-7.63676719063437e-18,Akr1c14
-7.6533242491952e-18,Kdm2a
-7.6736043287694e-18,Azin2
-7.67475715955384e-18,Maged2
-7.67859181030866e-18,Zfp85
-7.70419223101481e-18,Gata3
-7.70946115481131e-18,Akr1c12
-7.71515359508144e-18,Lyn
-7.72831778604604e-18,Cml5
-7.73281003745959e-18,Tmem214
-7.75344462603088e-18,Zbtb33
-7.76826121201491e-18,Mms22l
-7.77278566268911e-18,Spns3
-7.78114233278854e-18,Pde4d
-7.78364283899705e-18,Ntmt1
-7.79813711524463e-18,Ccbl1
-7.79825009807386e-18,Trim68
-7.81538086585136e-18,Fra10ac1
-7.8215293812697e-18,Gm13031
-7.84020190799901e-18,Endou
-7.85675287766485e-18,Msh2
-7.86436264331239e-18,Rpl10
-7.87462446099925e-18,Pkd2
-7.87786104695745e-18,Gng11
-7.88265639003264e-18,Pold2
-7.88638482339711e-18,Il18
-7.89782179781671e-18,St7
-7.91138785585053e-18,Szt2
-7.91620484833012e-18,Wdr11
-7.93880412035095e-18,Papolg
-7.95359134010186e-18,Tchhl1
-7.9647374006498e-18,Nup98
-7.9887168222013e-18,Gstm1
-7.99908688691018e-18,Tmem27
-8.00272398684982e-18,Mapk8ip3
-8.0033085207687e-18,Ugt1a9
-8.03597747201232e-18,Kif1b
-8.04889134173851e-18,Pxk
-8.04999546136305e-18,Trmu
-8.06263600735865e-18,Ap4e1
-8.06324151413804e-18,Samd15
-8.08382265574221e-18,Lamb3
-8.10311227506499e-18,Ier3
-8.10575079622656e-18,Lepr
-8.1107721049602e-18,Spidr
-8.11222160023935e-18,St6gal1
-8.11718980027782e-18,Ints12
-8.13831420662372e-18,H2afz
-8.15668372625938e-18,Mrgbp
-8.16177133629401e-18,Cln5
-8.16558974999553e-18,Gm4477
-8.17654705479883e-18,Caml
-8.18494567061929e-18,Sept6
-8.20633392908135e-18,Tusc1
-8.21614246236353e-18,Tubgcp2
-8.2388756900741e-18,Mtif3
-8.25465810588365e-18,Slc47a1
-8.26201890338055e-18,Rbm5
-8.26490639269276e-18,Bcam
-8.26700909109537e-18,Gm26549
-8.27572568254299e-18,Trmt5
-8.30620533776639e-18,Atad3a
-8.32885061477158e-18,Hpd
-8.34401602255565e-18,Arhgap22
-8.36685073184936e-18,Sergef
-8.37994320916187e-18,Ttr
-8.38373726728344e-18,Mlph
-8.39488400437526e-18,9230111E07Rik
-8.4028699284243e-18,Echs1
-8.40938369297395e-18,Gtpbp3
-8.45842230012154e-18,Kl
-8.49245516384253e-18,Atp6v1g1
-8.51367969868379e-18,Phtf1os
-8.52467286031313e-18,S100a8
-8.54280085378093e-18,Cers6
-8.5841850433844e-18,Gm10146
-8.59722745644923e-18,Pcsk9
-8.61214118990712e-18,Kank2
-8.63087063089097e-18,Elp5
-8.6400175042511e-18,Acadsb
-8.65313704331911e-18,Alkbh1
-8.69103432572598e-18,Sdr39u1
-8.69992681858438e-18,Sp2
-8.72047075027473e-18,A430105I19Rik
-8.74895730720531e-18,Camk2n1
-8.7589933072277e-18,Gm42997
-8.75981448351325e-18,Dnttip1
-8.76066963498715e-18,Hnrnpul1
-8.77138338399092e-18,Hdac8
-8.77822730195772e-18,Ccdc134
-8.81724223486687e-18,Heatr6
-8.85517469755589e-18,Zfp882
-8.87157412139091e-18,Card6
-8.89062559726526e-18,Fntb
-8.89893896855588e-18,Anapc7
-8.9007443259199e-18,Rassf4
-8.90143406241329e-18,Amt
-8.932387298358e-18,Zeb2os
-8.93410301365691e-18,Slc3a2
-8.94369911215839e-18,Arhgap31
-8.95898562129834e-18,Cdkn1c
-8.97086370233264e-18,Chd6
-8.98171005393837e-18,Fgf1
-9.00653109608603e-18,Copg2
-9.01024396894109e-18,Tmem102
-9.0111857180326e-18,Acaa2
-9.04750530009362e-18,Nuak1
-9.05250360633509e-18,Tbce
-9.06564750098306e-18,Crybg3
-9.07023446854087e-18,Fhod1
-9.07998752522427e-18,Mrps22
-9.08445271488232e-18,Wdr41
-9.1353775263885e-18,Mccc2
-9.13933936739418e-18,Ktn1
-9.17055780854283e-18,Tbc1d31
-9.20316587083657e-18,Gm15990
-9.21899293854269e-18,Plekho1
-9.23640447203354e-18,Plekhg6
-9.23648024494894e-18,Tmem259
-9.25797810352079e-18,mt-Nd1
-9.26109561775477e-18,Mdh1
-9.2759362844728e-18,Arsa
-9.27643963312516e-18,AA474408
-9.2978130076217e-18,Tmem176b
-9.2994800117607e-18,Col4a4
-9.32444177503698e-18,Vpreb1
-9.3311422656996e-18,Gxylt1
-9.33537472426032e-18,Sult1c2
-9.37071737694767e-18,4930458D05Rik
-9.37488759347074e-18,Fan1
-9.38196424253486e-18,Mrps27
-9.40461594670698e-18,Gm5218
-9.41082425169139e-18,C030014I23Rik
-9.42919241823927e-18,Odf2
-9.45119362546348e-18,Apobec1
-9.45143718126301e-18,Snrnp200
-9.45425160383536e-18,Hbb-bs
-9.49991561007168e-18,Fam214b
-9.51256427459394e-18,Uqcrc2
-9.53032761090633e-18,Wnk1
-9.53799116179293e-18,1700040D17Rik
-9.54851852295567e-18,Ace
-9.55544092001342e-18,Hes1
-9.56135120741535e-18,Thumpd2
-9.56210893656944e-18,Slc22a30
-9.57058467839308e-18,Itm2c
-9.57631094585759e-18,Ddx5
-9.58150680291423e-18,A330017A19Rik
-9.59973560142127e-18,Gm17092
-9.60447952716101e-18,Smim20.1
-9.61310410863992e-18,Chic1
-9.61795357522612e-18,Tesc
-9.63138703065797e-18,Wbscr27
-9.63343289937402e-18,A330069E16Rik
-9.64830604019866e-18,Tmem108
-9.67906984385484e-18,Ckb
-9.68962934085224e-18,Ccdc88a
-9.71001766744845e-18,Zfp653
-9.71998992435143e-18,Rundc3a
-9.72473926244227e-18,Hsd3b3
-9.74086806872225e-18,BC022687
-9.7672749297424e-18,Zcchc10
-9.7843021863051e-18,Gm19412
-9.82172318181511e-18,Srprb
-9.8419924366871e-18,Acot13
-9.84587038625073e-18,Kitl
-9.85529430433282e-18,Sulf2
-9.86004803995893e-18,Cdkn2aipnl
-9.8817353308193e-18,Zbtb44
-9.88261754404871e-18,Rbks
-9.90746023560077e-18,Rnf146
-9.93632971637172e-18,Invs
-9.99128943562344e-18,Pars2
-1.00230491118821e-17,Rnaseh2a
-1.00235443420079e-17,Ak1
-1.00400411881627e-17,Ankrd11
-1.00518942370732e-17,Tmem220
-1.00540591775134e-17,Polr3a
-1.00802657815428e-17,Acox3
-1.01680595287468e-17,Lrrc24
-1.02687996197835e-17,Dpp9
-1.02781196883788e-17,Mogat1
-1.0282295317253e-17,Slc23a3
-1.02931768491409e-17,Ankrd42
-1.03654912721969e-17,Tmem50a
-1.04172008746126e-17,Ppargc1b
-1.04532769008741e-17,Bcl2l15
-1.04884869509595e-17,Por
-1.0498083049461e-17,Zfp229
-1.05261136158113e-17,Psap
-1.05335393615215e-17,Zfp442
-1.0546312510119e-17,Adra1a
-1.05484422702771e-17,Ddit4
-1.05793792691686e-17,Zfp97
-1.06000273886176e-17,Lancl2
-1.0600933957427e-17,Epha1
-1.06317194104875e-17,Hoxd8
-1.06640636206651e-17,Mbd2
-1.06971033179592e-17,D130017N08Rik
-1.07093541746755e-17,Nfat5
-1.07218242316114e-17,Tsix
-1.07302999734351e-17,1190005I06Rik
-1.07703838456866e-17,Gfpt2
-1.08211138125532e-17,Cog5
-1.08314514031554e-17,Gm17259
-1.08875930445788e-17,Cd164l2
-1.09451188947961e-17,Gm36266
-1.10600745259987e-17,Mid1ip1
-1.10626453504875e-17,Gm30097
-1.10716190708964e-17,Snx19
-1.11054340874856e-17,Pkp3
-1.11277032060893e-17,Fbxo2
-1.11492592474355e-17,Gm42418
-1.11779014094602e-17,Sf3a1
-1.11810838719074e-17,Prmt7
-1.11820472704033e-17,Sectm1a
-1.11948907795652e-17,Lmnb2
-1.12051580096032e-17,Gm43625
-1.12086625069408e-17,Rab3d
-1.12400267432973e-17,Mtcl1
-1.12695758124033e-17,Igsf9
-1.12711968115579e-17,Cenpk
-1.12791231997449e-17,Mlec
-1.13190014026546e-17,Asap2
-1.13472701124534e-17,Gm16793
-1.14086082874772e-17,Slco3a1
-1.14154711486729e-17,Slc13a1
-1.1417709155853e-17,Prickle3
-1.14249752372056e-17,Nab2
-1.14417102268089e-17,Itch
-1.14537320734193e-17,Tacstd2
-1.14660008585487e-17,mt-Co3
-1.14712508391163e-17,Cep83
-1.14757863893387e-17,Neu1
-1.14938419926105e-17,Nbeal1
-1.15125687274188e-17,Adap2os
-1.15357116024533e-17,Gla
-1.15644244633143e-17,Eftud1
-1.16009199467861e-17,Aldh7a1
-1.16074634792668e-17,Cav1
-1.16163424412474e-17,Iigp1
-1.16262497499372e-17,Usp33
-1.16443134717357e-17,Gm44148
-1.16491277580397e-17,Mki67
-1.16719732920356e-17,Irf2bpl
-1.16800136778676e-17,Gm7325
-1.16882697120638e-17,Sult1a1
-1.17013055288257e-17,Map2k3os
-1.17422797328333e-17,Ncapg2
-1.17527363951598e-17,Chn1
-1.17713765323505e-17,Cyp2r1
-1.17962354609558e-17,Ftcd
-1.17963274709246e-17,Cox6a1
-1.17987955030265e-17,Zmat5
-1.18885106348711e-17,Ampd3
-1.18946374163171e-17,Pccb
-1.18965804503622e-17,Ggcx
-1.1915658987992e-17,Ctsz
-1.19416112115197e-17,Depdc5
-1.19741232045814e-17,Cit
-1.19812675080343e-17,Rfxank
-1.19849803808894e-17,Rbm26
-1.20210104021665e-17,5730559C18Rik
-1.20608642494963e-17,Nup43
-1.2138084968825e-17,Rpl13a
-1.21513668784261e-17,Pwp1
-1.21702776331718e-17,Pex6
-1.22151595546741e-17,Cd74
-1.22636082155517e-17,Tmc4
-1.22782756870345e-17,Fam83g
-1.23119296861784e-17,Pcdh17
-1.23166113698805e-17,Shmt1
-1.23224837708247e-17,Naga
-1.23563975628215e-17,Gm15879
-1.2357231064891e-17,Mkl1
-1.23862304420884e-17,Ppm1g
-1.23911232074834e-17,Vmp1
-1.23972499889293e-17,Mpnd
-1.24143909048652e-17,Shroom4
-1.2451975623996e-17,E230013L22Rik
-1.24719160785386e-17,Abcc6
-1.24746033108601e-17,Sertad1
-1.24769847453444e-17,Trpc1
-1.24936547867344e-17,B4galt7
-1.2521377187344e-17,Fam72a
-1.25493695289647e-17,Tmem68
-1.25673412407944e-17,Ccdc94
-1.25733787184472e-17,Tnfsf15
-1.2590838963098e-17,Zfp953
-1.25977742144896e-17,Ccdc64
-1.26061640352395e-17,4930533I22Rik
-1.26253860001735e-17,Fbxo10
-1.26333096821849e-17,Gm26882
-1.26380671388024e-17,Cstf2t
-1.26386624974235e-17,Rpl37
-1.26478959684012e-17,Garem
-1.26484913270223e-17,B930036N10Rik
-1.26512949248924e-17,Gnl2
-1.26644685874715e-17,Dido1
-1.26811819276703e-17,Faah
-1.26969102199688e-17,Dnajc1
-1.26985663994057e-17,Irx3
-1.27227166482888e-17,Kif3c
-1.2737297183882e-17,Mtf2
-1.27575610264029e-17,Rbmx
-1.27613747042972e-17,Nkrf
-1.27675197524281e-17,Ndst2
-1.27712326252832e-17,Map4k2
-1.27780846617766e-17,Asl
-1.28288795768564e-17,Med18
-1.28327872943511e-17,Plin2
-1.28459717816323e-17,Btg2
-1.28689905108634e-17,Tcf4
-1.28840395530988e-17,Ctif
-1.28970697883737e-17,Puf60
-1.29136207580395e-17,Zfp954
-1.29286616817483e-17,Sox13
-1.29308753333485e-17,Dolk
-1.29390046847017e-17,Tulp3
-1.29523623672181e-17,Gpx3
-1.29762741343808e-17,Sass6
-1.29806933190545e-17,Cwh43
-1.29982807539562e-17,Zeb2
-1.29989789472481e-17,Ears2
-1.2999641960258e-17,Gm15834
-1.30100039064402e-17,Lgals4
-1.30492163901645e-17,Zfp568
-1.30580195792298e-17,Fcor
-1.3062038249922e-17,Cttnbp2
-1.31007311479407e-17,Ckmt1
-1.31261962598693e-17,L3mbtl3
-1.31377029183093e-17,Zfp248
-1.31688185247871e-17,Dgkg
-1.3169493039043e-17,Tspyl5
-1.31753295831612e-17,Bptf
-1.3204663173039e-17,Smyd5
-1.3211126873341e-17,Mgam
-1.32327762777436e-17,Nr2c1
-1.32406864288773e-17,1110037F02Rik
-1.32496709317044e-17,St14
-1.32786371582512e-17,Gm19426
-1.33177231282686e-17,Setdb2
-1.33779896577745e-17,Rps6ka1
-1.33782981617873e-17,Ccdc126
-1.34126417282886e-17,Hrct1
-1.34263057160502e-17,Tnip2
-1.34609934742543e-17,Kmt2a
-1.34734635311903e-17,Fam118b
-1.34788379958332e-17,Ppp1r35
-1.34962833565185e-17,Rras
-1.35021381673216e-17,2410089E03Rik
-1.35144891525333e-17,Xpc
-1.35787662342048e-17,Stx12
-1.36462853141857e-17,Cav2
-1.37062704014343e-17,Hipk1
-1.37150275855152e-17,Prss23
-1.38750295383848e-17,Fam161b
-1.38888695966931e-17,C330021F23Rik
-1.39414911802693e-17,2210013O21Rik
-1.39427143716181e-17,Kdm6b
-1.40015358033801e-17,Srsf5
-1.41457208367018e-17,Rpl10-ps3
-1.41661768176868e-17,Lsr
-1.41944374089589e-17,Nle1
-1.42285284554543e-17,Thoc5
-1.4232664506511e-17,Cpe
-1.42648899832363e-17,Psen2
-1.42693822346499e-17,Cxcl16
-1.42829618235614e-17,Pcolce
-1.42944847190548e-17,Crip2
-1.43037499875952e-17,Gm42754
-1.43310343260376e-17,Glce
-1.43684444968454e-17,Tmx3
-1.43812068207407e-17,Ss18l1
-1.43888219987394e-17,Clic6
-1.44189369968074e-17,Gm10451
-1.44645840894465e-17,Fam60a
-1.44718474646236e-17,Gm10263
-1.44982164391861e-17,Sipa1l3
-1.4515633385028e-17,Arhgef39
-1.45169431739944e-17,Ep300
-1.45314503045758e-17,Nr3c2
-1.45602744569063e-17,Snx30
-1.4563002281861e-17,E4f1
-1.45742315573071e-17,Irx1
-1.46214773231526e-17,Zc3hc1
-1.46252334948165e-17,Ctsd
-1.46536050392862e-17,Scaper
-1.46587251234274e-17,Slc12a6
-1.46596127490079e-17,Dpy19l4
-1.46946793717891e-17,Rhcg
-1.47240197271059e-17,Pax8
-1.47891573726024e-17,Pigl
-1.47914792712246e-17,Casc4
-1.47916551726353e-17,Scamp5
-1.48015300072185e-17,Fat1
-1.48072941611407e-17,Ssh1
-1.48157523128233e-17,Hist2h2ac
-1.48694171270742e-17,Coro1c
-1.48884686029485e-17,Ptprk
-1.48888961786855e-17,6230400D17Rik
-1.48957211534234e-17,Gramd1b
-1.49450168472483e-17,Car14
-1.4955995801456e-17,Dpys
-1.49696755188629e-17,Mroh1
-1.49856852534187e-17,Snx13
-1.50069557932443e-17,Hspa5
-1.50188683780169e-17,Cnnm2
-1.50194907983934e-17,Gpd1
-1.50553638614887e-17,Tmem59
-1.50795678956108e-17,Olfm3
-1.50925575382524e-17,Pde7a
-1.51290814365675e-17,Snca
-1.51605366680768e-17,Sympk
-1.5164073935509e-17,Stbd1
-1.5164687941371e-17,Map10
-1.51766817114101e-17,2210011C24Rik
-1.52036027457848e-17,Zfp747
-1.52474052415145e-17,Fga
-1.52601022789247e-17,Myd88
-1.52976639955633e-17,Lpl
-1.53341865407906e-17,Creld2
-1.53383757005425e-17,Syde2
-1.53733936121638e-17,Rpl36-ps3
-1.53882884023929e-17,Cubn
-1.53916873588841e-17,Rps6kb2
-1.54432345907668e-17,Zmiz1
-1.54633117071747e-17,Slc9a3r2
-1.54954746035905e-17,Col27a1
-1.55043075605867e-17,Asxl2
-1.55176760678054e-17,Pgm3
-1.55457445206134e-17,Exosc2
-1.55578465376745e-17,Nrd1
-1.56373215012367e-17,Eef1a1
-1.57512000745703e-17,Hist1h2al
-1.58777076926534e-17,9130019O22Rik
-1.59184173680009e-17,Nudt13
-1.59207325011842e-17,Hspa1b
-1.59379018319633e-17,Pigm
-1.59802697163793e-17,Dhx40
-1.6000252116643e-17,Atp2a2
-1.60280824260026e-17,Smn1
-1.6031865659422e-17,F5
-1.6039285992781e-17,Cyp4a10
-1.60549385121641e-17,Tle3
-1.60638120617937e-17,Shroom3
-1.60712459260305e-17,Arid3a
-1.60973280459846e-17,Tuba4a
-1.62060513548947e-17,Luc7l2
-1.62196255314552e-17,Aldh2
-1.62497993888414e-17,Slc5a3
-1.6256494467153e-17,3222401L13Rik
-1.62630758860914e-17,Ggh
-1.62818134456019e-17,Anapc4
-1.62858943583318e-17,Plin3
-1.62871283743827e-17,Gm20342
-1.63042530532652e-17,Limch1
-1.63360993271416e-17,Pgrmc1
-1.64027578432974e-17,Tex9
-1.65049863308868e-17,Rps26-ps1
-1.6507741217597e-17,Gm15417
-1.65321779828165e-17,Smtn
-1.65727597913693e-17,Bhlhe41
-1.66005792760267e-17,March9
-1.66227915649439e-17,Prmt1
-1.66548868069708e-17,Mid1
-1.67582978932757e-17,Zfp827
-1.6766511136071e-17,Tmbim6
-1.68228428863267e-17,Zkscan5
-1.68277248270195e-17,Nans
-1.68308964647645e-17,Tns1
-1.68572654393269e-17,Degs1
-1.6865925201088e-17,Gstm5
-1.68752127955767e-17,Glg1
-1.6898615801736e-17,Nktr
-1.69143440940346e-17,Psma7
-1.69526094163163e-17,Lad1
-1.69573046308961e-17,Mical2
-1.69890020651172e-17,Fam213b
-1.69936539808882e-17,Zfp408
-1.70171029920318e-17,Lasp1
-1.70337189099109e-17,Mex3d
-1.70894986003543e-17,E230001N04Rik
-1.71342912180635e-17,Ints7
-1.71509612594535e-17,Sox6
-1.71905201336483e-17,Apoo-ps
-1.72392475306076e-17,Cstb
-1.73943005649395e-17,Utp23
-1.74756860884402e-17,Msantd2
-1.75554154325041e-17,Gclm
-1.75667867821666e-17,Mcm2
-1.76512789951991e-17,Noct
-1.76956602742246e-17,Dusp1
-1.77066365222567e-17,Fam188a
-1.77227057926746e-17,Card14
-1.77408209318085e-17,Ccnt2
-1.77601213758335e-17,Lrrcc1
-1.77879733345975e-17,Slc24a5
-1.78018993139796e-17,Rmnd1
-1.7840689634318e-17,Akap13
-1.78562416869339e-17,Ypel1
-1.78707660693844e-17,Cuedc1
-1.80093709687214e-17,Sfrp1
-1.80106158094746e-17,Atp5a1
-1.80567696334855e-17,Rab6b
-1.80677052888844e-17,Zbtb16
-1.80824187653515e-17,Tsku
-1.81254658998307e-17,Ybx1
-1.8160646181985e-17,Slc39a1
-1.81877079374884e-17,mt-Nd4
-1.82133570693544e-17,Zbtb48
-1.82150619599511e-17,Polg
-1.82165016453439e-17,Capns1
-1.82800318225635e-17,Smug1
-1.82970157803174e-17,Ppt2
-1.83118239729288e-17,Adnp2
-1.83706291676376e-17,Stat1
-1.83787476942886e-17,Cdc14b
-1.83832074715955e-17,Hoxb3
-1.83906061555501e-17,Itm2b
-1.83954123233275e-17,Slc27a2
-1.84071895993226e-17,1110002L01Rik
-1.84338494877567e-17,H2-DMb2
-1.84814849428814e-17,Ifih1
-1.85138129160057e-17,5930430L01Rik
-1.85330808859241e-17,Mkrn1
-1.86038094901076e-17,Slc22a4
-1.863478843472e-17,Spata5
-1.86954027077842e-17,B230303O12Rik
-1.87012859334306e-17,Retsat
-1.88232532654841e-17,Gm12996
-1.88304787542035e-17,Rbm12
-1.88354905913227e-17,Shank2
-1.89343309471231e-17,Fkbp5
-1.89364471764035e-17,Shoc2
-1.89592277621862e-17,Erlin1
-1.9029436780664e-17,Lrrc3
-1.91280011065582e-17,Arel1
-1.91326882026114e-17,Gm12576
-1.91370343205453e-17,Taz
-1.91967325531856e-17,Tfpi
-1.92784575748659e-17,3110002H16Rik
-1.92975863035954e-17,Sap30
-1.93002437679859e-17,Gm4723
-1.93309263863755e-17,Maf
-1.93566905307025e-17,Laptm4b
-1.93584103052647e-17,Rhbdf1
-1.95014587448553e-17,Slc35c1
-1.95199094497575e-17,Prr15
-1.95377431466342e-17,Utp11l
-1.9572035803208e-17,Wdr89
-1.96248170511417e-17,Sdc4
-1.96428943038179e-17,Golga5
-1.96444314115305e-17,Gstt1
-1.97211947871913e-17,Cyp2j13
-1.97249238970996e-17,Slc5a8
-1.97428604286473e-17,Prdm4
-1.9763654681576e-17,Prdx1
-1.97704417698563e-17,Mboat7
-1.9775161340016e-17,Sco1
-1.97779432884818e-17,RP23-306P12.3
-1.98507718848923e-17,Zxdc
-1.98906933866109e-17,Nfia
-1.99151463888837e-17,Cdc42bpg
-1.99576549944283e-17,Dst
-1.99721709200803e-17,Psip1
-1.99869249891807e-17,Mrto4
-1.99995032931387e-17,Rasal2
-2.00458918778786e-17,Rnase4
-2.00975101468695e-17,Tmf1
-2.01176657423684e-17,Ctsb
-2.01205884119628e-17,Zfp593
-2.01520671533722e-17,1700034P13Rik
-2.01989700806026e-17,Asap1
-2.02773598677691e-17,Inpp5j
-2.03093279195452e-17,Chchd10
-2.03197304583607e-17,Mocs1
-2.04969673667664e-17,6430550D23Rik
-2.05018019493871e-17,9330160F10Rik
-2.05077014120868e-17,Rragd
-2.05471818071906e-17,Snap91
-2.06118025731571e-17,Hgsnat
-2.06412890619535e-17,Serpina3b
-2.06428261696661e-17,Gm16586
-2.06465173931167e-17,Pttg1ip
-2.07298243012582e-17,Pqlc1
-2.07531407097999e-17,Acy1
-2.08173744926626e-17,Sh3bp4
-2.08868501375663e-17,Shf
-2.08984298627462e-17,Angptl4
-2.09422861437149e-17,Ints2
-2.09729038138913e-17,Slc16a14
-2.10675550099398e-17,Ascc1
-2.10992037330009e-17,Myg1
-2.11191671900357e-17,Gstt3
-2.11361782095451e-17,Apela
-2.12174554860238e-17,Exph5
-2.12551795731955e-17,B3galnt2
-2.13549183792786e-17,Rfx1
-2.13803807850316e-17,Nrep
-2.14592360343928e-17,Gsta2
-2.14668999235514e-17,Hist1h2bc
-2.1529412578764e-17,Irs2
-2.16005633463334e-17,Rnf186
-2.16659012488207e-17,Gm9493
-2.17165175563141e-17,Kcnj16
-2.17405862816587e-17,Plet1
-2.17674369554692e-17,Pofut2
-2.18093691456216e-17,Nup188
-2.18529304534553e-17,Ttc28
-2.1883456113663e-17,Rpl7a-ps5
-2.19382074573974e-17,Erich4
-2.19583630528963e-17,Stau1
-2.19609501567224e-17,Natd1
-2.20465816696616e-17,Fabp1
-2.20587594596381e-17,Klhl2
-2.20719358283927e-17,Tada3
-2.22062270839024e-17,Gle1
-2.22154064313691e-17,Baiap2
-2.22291186228827e-17,A230065N10Rik
-2.22524702117065e-17,Acaa1b
-2.22743577595576e-17,Tmem245
-2.232954209138e-17,Trim7
-2.23631636164173e-17,Pkhd1
-2.23656532979236e-17,Adap2
-2.23910263998835e-17,Macrod2
-2.25348921044904e-17,Pop1
-2.27507529034382e-17,Fh1
-2.27943331545008e-17,P3h2
-2.28061753787091e-17,Ndrg1
-2.28478721315886e-17,Hibadh
-2.28886271353766e-17,Zfp846
-2.29017750892879e-17,Nbas
-2.29372111050317e-17,C8g
-2.29678531307882e-17,Ccnl2
-2.2969671680758e-17,Cfb
-2.29750732071565e-17,Creb3
-2.30026058372056e-17,Tfpt
-2.30038398532565e-17,Socs6
-2.30266752390941e-17,Rhbg
-2.30950650310582e-17,Ctf1
-2.31498163747926e-17,Sfi1
-2.31758389588846e-17,Folh1
-2.32521642723781e-17,Egfl7
-2.32570025759902e-17,Aldh6a1
-2.32649046085971e-17,Rps21
-2.33353950693322e-17,Rab11fip5
-2.33435135959832e-17,Ier3ip1
-2.33600104421381e-17,Defb1
-2.33627112053373e-17,Ablim3
-2.34364653137861e-17,Kcnj10
-2.35770132471682e-17,Nat8
-2.36091734374083e-17,Ctdspl2
-2.36171837170373e-17,Lima1
-2.36350661250739e-17,Prpf3
-2.36463454647677e-17,Prodh
-2.36594487667824e-17,Agps
-2.36681788891078e-17,Cryab
-2.36938009592184e-17,Mrpl16
-2.37575368057798e-17,Pdzk1ip1
-2.38365138330407e-17,Acox1
-2.39230843888959e-17,Trap1
-2.3950779389478e-17,Selenbp1
-2.41311730516632e-17,Ephx2
-2.42212129245739e-17,Wbp5
-2.4296276821989e-17,Foxq1
-2.43715139146394e-17,Gm14964
-2.43893530238672e-17,Lgals1
-2.44139575719708e-17,RP24-294M17.1
-2.44507994459131e-17,Rdh10
-2.44617486321897e-17,Zbtb20
-2.45835265319547e-17,Acly
-2.46006620355394e-17,Phf12
-2.48519466724412e-17,Clu
-2.4857652643589e-17,Maml3
-2.49764848712675e-17,Gpr137b-ps
-2.49936311995544e-17,Mecp2
-2.50027239494035e-17,Rab11fip2
-2.51662202514525e-17,Cpeb3
-2.51983263181816e-17,1700088E04Rik
-2.52471240757052e-17,Aadac
-2.52591394951487e-17,Hlcs
-2.52612178379714e-17,Halr1
-2.52985414111616e-17,Rps19
-2.53103890477209e-17,Arfrp1
-2.53300954180784e-17,Tmem252
-2.53488979258022e-17,Ifi35
-2.53736161332789e-17,Ncdn
-2.54590446830518e-17,Tmsb10
-2.54624707012986e-17,D6Wsu163e
-2.56151903357622e-17,Cyp2d9
-2.56307515217205e-17,Inmt
-2.56531153564684e-17,Grn
-2.57464242894439e-17,Msra
-2.57515551982873e-17,Plekha1
-2.58141977499265e-17,Ifngr1
-2.59069979218985e-17,Ppp3ca
-2.60035542655344e-17,Sdsl
-2.60185248286788e-17,Stmn1
-2.6018643900403e-17,Igf1r
-2.60329379196599e-17,Cxcl1
-2.60475106749984e-17,Top1mt
-2.60657475920321e-17,Ap3s2
-2.60898487914834e-17,2310033P09Rik
-2.61105997456034e-17,Hsd11b1
-2.61831685491611e-17,Dusp7
-2.63657271517866e-17,Mlxipl
-2.63701869290935e-17,Snx29
-2.64029208285504e-17,Leng8
-2.6425912496026e-17,Mrpl47
-2.64594474234457e-17,Cdh16
-2.64809371634909e-17,Casp7
-2.66863548309901e-17,Map1s
-2.67267526196054e-17,Bsg
-2.68173878511372e-17,Ric8
-2.689829167539e-17,Timmdc1
-2.70809531126863e-17,Ube2o
-2.72131930871289e-17,Itpr2
-2.73516843270928e-17,S100a10
-2.75121497125253e-17,Nsun3
-2.75790896709384e-17,Lamp2
-2.81842121733973e-17,Ndufb4
-2.84071360905315e-17,Igfbp5
-2.85929962273284e-17,Thoc2
-2.8669267079039e-17,Aqp2
-2.88532816041106e-17,Pmf1
-2.88970729368661e-17,Lrrc40
-2.89446908018497e-17,Xrn1
-2.89979375119781e-17,Bzw2
-2.92294345932558e-17,Map4
-2.92339755558293e-17,Tmem37
-2.92356154982128e-17,Rpl36a
-2.92458340170908e-17,Dnajc12
-2.92535412050582e-17,Clk1
-2.92644687419304e-17,Srd5a3
-2.92792282233819e-17,Ugcg
-2.94133029848476e-17,Hsf2bp
-2.95186165125644e-17,Cyp2j5
-2.96313016624803e-17,Rbm4b
-2.96792009697212e-17,Fbxw17
-2.98229638396571e-17,Taco1os
-2.98682976924763e-17,Rpl6
-2.9926404693893e-17,5031425E22Rik
-2.99287428295685e-17,Tatdn3
-3.00169993327915e-17,Nfix
-3.00946422155061e-17,Slc7a13
-3.01693110112909e-17,Gsto1
-3.02112242582145e-17,Srrm2
-3.02244628690067e-17,Atp5e
-3.03970410962026e-17,Gm15638
-3.04385863032513e-17,Fabp3-ps1
-3.04977974242926e-17,Anp32a
-3.06056764064311e-17,Park7
-3.06187851207969e-17,Mlh1
-3.06305691622308e-17,Slc35b2
-3.06682215357504e-17,Rpl23a-ps3
-3.06876613478162e-17,Fyb
-3.06994359176357e-17,Kif9
-3.07147907577083e-17,Phf7
-3.07786767970128e-17,Cda
-3.08620053545586e-17,Slc25a5
-3.09582044830219e-17,Sfxn5
-3.10206954888302e-17,Cd24a
-3.10728272546318e-17,Itpr1
-3.10938271769024e-17,Tpi1
-3.13638385486124e-17,E130102H24Rik
-3.15106648092713e-17,Kdm5c
-3.16001634470719e-17,Airn
-3.18039222289587e-17,Prom1
-3.19061344794948e-17,Slc12a1
-3.19709744456808e-17,Rhpn1
-3.2191690123566e-17,Lipa
-3.22139781853985e-17,St8sia1
-3.221437869938e-17,Ssb
-3.2450357207369e-17,Gc
-3.25912298818172e-17,Gm5424
-3.27345164648562e-17,Sdhb
-3.28095316511114e-17,Oxr1
-3.28372915999068e-17,Bloc1s6
-3.28810288091512e-17,Prpf38b
-3.29147369318062e-17,Hmgb2
-3.29598326411769e-17,Angptl7
-3.29808650375541e-17,Tbc1d16
-3.29913000504762e-17,Zdhhc21
-3.30564295774461e-17,Bdh1
-3.30931063746798e-17,Tmem174
-3.31074815792031e-17,Rpl15
-3.34321360476255e-17,Atp5k
-3.35106530250429e-17,Poll
-3.39703240040225e-17,Rbp1
-3.41030727394685e-17,4930481A15Rik
-3.44048870862461e-17,Actb
-3.4416171838291e-17,Fos
-3.45043552747741e-17,Rps17
-3.4634457370532e-17,Aspa
-3.47471208710434e-17,Cdkn2c
-3.48243009977389e-17,Copa
-3.49581592651606e-17,Wdr47
-3.51291895599417e-17,2010107E04Rik
-3.5150124533999e-17,Ndufb6
-3.57458511949472e-17,Srsf11
-3.57590180920874e-17,Lrp5
-3.57665372008539e-17,Sostdc1
-3.5852615232759e-17,Snhg20
-3.59421679940706e-17,Sgk1
-3.59942131622546e-17,Suclg1
-3.60883880714062e-17,Kcnq1ot1
-3.62292823952587e-17,Enpp2
-3.63731237442856e-17,Flywch2
-3.63897910795001e-17,Fabp3
-3.67231702578967e-17,Lsg1
-3.6785661263705e-17,Pou3f3
-3.68064284548783e-17,D930048N14Rik
-3.68836139939249e-17,Hsp90ab1
-3.7110239959212e-17,Galk1
-3.74635149402547e-17,Gm11808
-3.75192405071872e-17,Ndufs8
-3.75473630835062e-17,Odc1
-3.76000360844179e-17,Ndufs3
-3.77783838778871e-17,Tef
-3.78213254715198e-17,Napsa
-3.80119051784764e-17,Pgam2
-3.82377734146095e-17,Gm29107
-3.83342864594365e-17,Timm17a
-3.83398828304746e-17,Dcxr
-3.84754297514397e-17,Rtn4
-3.85996323844978e-17,Pdlim2
-3.86320415428886e-17,Polr3e
-3.88547381412766e-17,Chmp2a
-3.89106477281465e-17,Pam
-3.90366905605788e-17,Ass1
-3.944547461451e-17,Cbs
-3.95487855723195e-17,Pabpn1
-3.95791163878876e-17,Acss1
-3.96599769133316e-17,Dbi
-4.00578929662526e-17,Akr1a1
-4.03164085042248e-17,Papss2
-4.0425240060157e-17,B2m
-4.04259003669913e-17,Slc22a6
-4.07761552561198e-17,Hexim1
-4.09884384909902e-17,Nsmce1
-4.11337601180431e-17,Mdk
-4.12523663800631e-17,Sptlc1
-4.15474585867736e-17,Snhg11
-4.1920770091591e-17,Osbpl11
-4.21911603278781e-17,Rps2
-4.29225421568133e-17,Rpl29
-4.35650098818668e-17,Rabgap1
-4.35947128647073e-17,Rbm39
-4.42557124799295e-17,Cspp1
-4.42690809871481e-17,Timd2
-4.43853924123014e-17,Mcu
-4.48520669736053e-17,Idh2
-4.50161207478176e-17,Rpp25l
-4.50790826281717e-17,G6pc
-4.56369444808196e-17,Sv2a
-4.58810198660552e-17,Slc22a28
-4.62110000879606e-17,1700011H14Rik
-4.64126264035138e-17,Tomm6
-4.68741213448143e-17,Atp5f1
-4.69314056688638e-17,Prodh2
-4.79788904514823e-17,Herpud1
-4.80334523629282e-17,Akr1b3
-4.80753220573389e-17,Pah
-4.83261901969099e-17,Arl6ip1
-4.86405165463444e-17,Rpl27
-4.86488096213184e-17,Cpn1
-4.87010712835465e-17,Gm8797
-4.88869747191522e-17,Snhg18
-4.92140106220588e-17,Pnp
-4.92260747526622e-17,Gstp1
-4.94702204984622e-17,Ly6a
-4.9583977293896e-17,Gm10036
-4.97631910635412e-17,Errfi1
-4.98743391057445e-17,Sult1d1
-5.01027836210015e-17,Serinc3
-5.05255680741422e-17,Myl6
-5.0581538549962e-17,Oxct1
-5.09998483418303e-17,Plekhm2
-5.25392941900951e-17,Hoxc9
-5.27339115109729e-17,Oat
-5.29500483398269e-17,Tmigd1
-5.30731089668027e-17,Wdr45
-5.4060900929132e-17,Usp2
-5.71564085435406e-17,Rnft1
-5.77497321206001e-17,Hes6
-5.94128934903239e-17,Fut9
-5.989797004537e-17,Apoe
-6.01661195683014e-17,Cyp4a31
-6.02305536081549e-17,Iqsec1
-6.03061046171691e-17,Cldn2
-6.04431453470379e-17,Gm11273
-6.21753493735774e-17,Acsm3
-6.25493509531601e-17,Bcap31
-6.49579987387875e-17,Rpl32
-6.68240475018709e-17,Cox5a
-6.84183962397008e-17,Ech1
-6.84934763741692e-17,Acat1
-6.97149357705676e-17,Msrb1
-7.02950099121327e-17,Rps29
-7.07613380829661e-17,Mt2
-7.29673474433845e-17,Sepw1
-7.31164901903145e-17,Kcnj15
-7.34382111644403e-17,Taldo1
-7.46304763390017e-17,Gm9843
-7.54996999257687e-17,mt-Nd4l
-7.7745002955178e-17,Gm10076
-7.92253892282323e-17,Sepp1
-8.00743489724784e-17,Cotl1
-8.07614144706014e-17,Gm2a
-8.25734100832425e-17,Gm10053
-8.56774313259324e-17,Txnip
-8.87054469221156e-17,Gm10709
-8.90584079867945e-17,Id2
-9.29599012777099e-17,Uqcrb
-9.4704583479712e-17,Gadd45g
-9.86080143923214e-17,Hspa8
-9.96897268833006e-17,Rps18-ps3
-1.26076600090837e-16,Spink1
-1.37957040910217e-16,Cndp2
-4.21978608185407e-16,Ubb
